Date,IBM,TXN,CSCO,QCOM,ORCL,NOK,AMAT
2009-01-02,69.907677,12.922787,13.908728,30.000746000000003,16.574270000000002,10.81596,8.829226
2009-01-05,69.467598,12.777762,14.031741,29.514909999999997,16.286179999999998,10.775350999999999,8.829226
2009-01-06,71.39591999999999,13.253105999999999,14.589402,30.081723999999998,16.556271,10.971633,9.582232000000001
2009-01-07,70.243721,12.552178999999999,14.203961999999999,28.786134999999998,15.890057999999998,10.599371000000001,8.7713
2009-01-08,69.755669,12.310483,14.384381,28.567513,15.863053,10.403084,8.887151
2009-01-09,67.77131700000001,12.052669999999999,13.695506,28.340791999999997,15.628975,10.294789999999999,8.58098
2009-01-12,68.579468,11.867367999999999,13.449478,28.227427000000002,15.349885999999998,9.983442,8.27481
2009-01-13,68.28340899999999,11.955993,13.490483,28.454151,15.430918,9.685630999999999,8.432035
2009-01-14,66.563133,11.359802,12.908217,27.336717999999998,14.728691,9.13062,8.051391
2009-01-15,67.307243,11.714293,12.965626,28.178841,14.881738,9.509654,8.026567
2009-01-16,67.947342,12.101011999999999,12.973825,29.166721000000003,15.223848,9.482578,8.423759
2009-01-20,65.594948,11.609561,12.309553,27.644415000000002,14.494617000000002,8.758356,7.778325
2009-01-21,73.148232,11.730411,12.875416,29.045258,15.205836999999999,9.279525999999999,7.794872
2009-01-22,72.068016,11.569276,12.604786,29.19912,14.989773000000001,8.325175999999999,7.571453
2009-01-23,71.603966,12.076838,13.031232000000001,29.612074,15.106816,8.257492,8.034844999999999
2009-01-26,73.292236,11.899596,13.36747,29.620172999999998,15.268863,8.054439,8.134139
2009-01-27,73.34025600000001,12.334655,13.72011,28.850912,15.556951000000002,8.501156,8.341011
2009-01-28,75.86868299999999,12.626791,13.84312,29.814503000000002,16.061111,8.785430999999999,8.589255999999999
2009-01-29,74.02035500000001,12.131783,13.064034,28.446058,15.836047,8.277797,7.943822
2009-01-30,73.332237,12.131783,12.276750999999999,27.9764,15.151825,8.304871,7.7535
2009-02-02,72.756165,12.732284,12.555579,28.575613,15.214846,8.142427,7.786599000000001
2009-02-03,74.796494,13.000076,12.80981,27.709197999999997,15.349885999999998,8.480848,7.927267999999999
2009-02-04,74.276436,13.349015,12.990228,27.393394,15.493932999999998,8.609449,8.134139
2009-02-05,73.940353,13.665495000000002,13.408475,28.373177000000002,15.863053,8.83281,8.46513
2009-02-06,77.34333000000001,14.103704,13.974337,29.409636,16.178148,9.022325,8.647177000000001
2009-02-09,77.890396,14.038782000000001,13.818520999999999,29.676855,16.250175,8.947872,8.440307
2009-02-10,75.034447,13.40582,13.162446,28.356984999999998,15.827039000000001,8.487617,8.065738
2009-02-11,76.554955,13.170487,13.260857000000001,28.024991999999997,16.025098999999997,8.399628,8.132328
2009-02-12,76.482552,13.300327,13.285460999999998,28.778049,15.800029,8.419934,7.8409960000000005
2009-02-13,75.493011,13.754764000000002,13.203451000000001,28.891407,15.953073999999999,8.162734,7.91591
2009-02-17,72.942787,12.797203,12.539177,28.114065000000004,15.268863,7.533268,7.166771000000001
2009-02-18,73.618561,12.862121,12.604786,27.790174,15.520942000000002,7.465584,7.150124000000001
2009-02-19,71.542992,12.139894,12.334157000000001,27.401493,15.151825,7.2016160000000005,6.942029
2009-02-20,71.430374,12.204814,12.366958,27.587732,14.908745999999999,7.005331,7.291627
2009-02-23,67.874512,11.920794,11.776492,26.543166999999997,14.278545000000001,6.781973,6.966999
2009-02-24,69.507637,12.407688,12.293152000000001,27.927821999999995,14.800715,6.869961999999999,7.2749809999999995
2009-02-25,69.10539200000001,12.464492,12.112732000000001,27.602413000000002,14.620652,6.7007509999999995,7.8659669999999995
2009-02-26,71.575172,11.880219,11.883106,27.382771999999996,14.206524,6.443551,8.190597
2009-02-27,74.036919,11.644886,11.948711,27.195663,13.990453,6.335255,7.666198
2009-03-02,71.639534,11.174223,11.743692,26.675022,13.684356,5.915612,7.366542
2009-03-03,70.609779,11.523161,11.801095,27.211928999999998,13.513303,6.247266000000001,7.366542
2009-03-04,71.9935,12.050632,12.506374000000001,28.261358,13.468288000000001,6.389404,7.741110000000001
2009-03-05,70.376488,12.091208,11.932313,28.171881,13.081164,6.166044,7.524692999999999
2009-03-06,69.033005,11.937021000000001,11.628881,27.358365999999997,13.027146,5.915612,7.241687
2009-03-09,67.158546,11.920794,11.169630999999999,26.845856,12.468969,5.92915,7.1418
2009-03-10,70.19145999999999,12.707942999999998,12.006122,28.765743,13.585327,6.572151,7.674523
2009-03-11,71.293602,12.748513,12.317756,28.757593,13.810398000000001,6.917342,7.990824000000001
2009-03-12,72.72558599999999,12.935159,12.719598,29.929058,14.071479,7.472353,8.440308
2009-03-13,72.69339000000001,13.154259,12.719598,29.896524,14.008457,7.3843630000000005,8.814879
2009-03-16,73.385254,12.748513,12.670394,29.156227,13.414268,7.682175,8.681697
2009-03-17,74.744843,13.349015,13.236254,30.352095000000002,13.864413,7.770164,8.906441000000001
2009-03-18,73.972542,13.697954999999999,13.53149,30.872744,14.251534,8.013828,9.031297
2009-03-19,74.543724,13.470741,13.310064,30.620542999999998,15.637984,8.142427,8.906441000000001
2009-03-20,74.42306500000001,12.805316,13.047633,30.148701000000003,15.394903,7.519731,8.498574000000001
2009-03-23,79.41085799999999,13.803448999999999,13.925129,31.580485999999997,16.430231,8.013828,9.206097999999999
2009-03-24,79.081032,13.511312,13.679104999999998,30.937807,16.124138000000002,8.020597,8.814879
2009-03-25,78.799446,13.332785000000001,13.58889,31.320172999999997,16.286179999999998,8.243955999999999,9.147832000000001
2009-03-26,79.467186,14.087472,14.195762,32.166229,16.81735,8.189808,9.672227000000001
2009-03-27,75.742401,13.892714999999999,13.900529999999998,31.678115999999996,16.214160999999997,7.979985000000001,9.347599
2009-03-30,76.04008499999999,13.324675,13.375669,30.80765,15.899065,7.614491,8.873145
2009-03-31,77.946709,13.397704999999998,13.752913000000001,31.653708,16.268181,7.898764,8.948058
2009-04-01,78.525932,13.186717000000002,14.318772000000001,32.280109,16.727327,8.196576,8.956381
2009-04-02,81.108337,13.365243,14.876432000000001,33.606125,16.943392000000003,8.920799,9.522399
2009-04-03,82.234634,13.762877,14.892833,33.508503000000005,17.366529,8.907261,9.83038
2009-04-06,81.703621,13.397704999999998,14.376183,33.077343,17.249189,8.995251,9.622283
2009-04-07,79.443024,13.275982,13.818520999999999,32.019794,16.734686,8.555303,8.781581
2009-04-08,81.406006,13.624922,14.048145000000002,32.719409999999996,16.761770000000002,8.974946000000001,8.948058
2009-04-09,81.816277,13.990092,14.614007999999998,33.882729,17.249189,9.340442,9.530725
2009-04-13,80.408417,13.93329,14.671412,33.256325,17.204058,9.496115,9.580666
2009-04-14,79.861374,14.063129,14.704215,33.191235,17.032557999999998,9.340442,9.788763000000001
2009-04-15,79.52350600000001,13.803448999999999,14.400781,33.272591,16.779825,9.042631,9.514075
2009-04-16,81.599083,14.444529999999999,14.827229999999998,33.87458,17.312366,10.071432000000001,9.847025
2009-04-17,81.47036,14.582479999999999,14.753423000000002,33.337669,17.204058,10.132348,9.921939
2009-04-20,80.794601,14.055012,14.195762,32.239429,16.987431,9.719474,9.264362
2009-04-21,82.307037,13.884599,14.507391,32.760075,17.62829,10.08497,9.364248
2009-04-22,82.50009200000001,14.322802,14.302375,32.638054,17.465818,9.902221,9.663903
2009-04-23,81.59101899999999,14.071239000000002,14.449991,33.134296,17.763687,10.017285000000001,9.530725
2009-04-24,80.513008,14.509445000000001,15.106063,33.646793,17.862976,9.83878,9.738817999999998
2009-04-27,80.408417,14.176735,15.065054,35.119254999999995,17.844927,9.473339999999999,9.647256
2009-04-28,82.009346,13.882748999999999,15.311079000000001,34.362694,17.817844,9.26251,9.497428
2009-04-29,83.698769,14.19307,15.786732999999998,35.046051,17.691473000000002,9.761477000000001,9.647256
2009-04-30,83.031052,14.748377,15.844144,34.427769,17.456791,9.937169,10.163332
2009-05-01,84.157349,14.65855,16.057362,34.704369,17.456791,10.049612,10.138358
2009-05-04,85.42842900000001,14.993366,15.991753,35.265685999999995,17.122822,10.836715,10.621136
2009-05-05,85.154892,14.585052,16.098372,35.379581,17.158926,10.351802000000001,10.31316
2009-05-06,84.605011,14.952539000000002,16.081968,35.574829,17.204058,10.66805,10.554544
2009-05-07,82.963341,14.356395000000001,15.540707999999999,34.444057,16.626375,10.169083,9.863675
2009-05-08,82.07382199999999,14.127742999999999,15.360294,33.996613,16.536112,10.365859,9.89697
2009-05-11,83.214043,14.095072,15.261876999999998,34.102371000000005,16.752741,10.070694999999999,9.805408
2009-05-12,84.055092,13.743922,15.352087,33.296993,16.590270999999998,9.810671000000001,9.604614999999999
2009-05-13,82.696503,13.939910999999999,14.802626,32.475342,16.310451999999998,9.501451,9.194662
2009-05-14,81.717972,14.323728,14.835431,32.971584,16.662481,9.726338,9.253229
2009-05-15,81.976768,14.397229999999999,14.696017000000001,33.126156,16.626375,9.909058,8.960403
2009-05-18,84.572647,14.617719000000001,15.352087,34.159328,17.077686,10.281527,9.303424
2009-05-19,85.324738,14.764710000000001,15.4833,34.444057,17.122822,10.69616,9.311791
2009-05-20,84.144035,15.026034,15.253677,34.631145000000004,17.095741,10.661022,9.177927
2009-05-21,83.149361,14.666714,14.843632999999999,33.915257000000004,16.761770000000002,10.499386,8.90184
2009-05-22,82.397255,15.1077,14.679613,33.606125,16.833976999999997,10.302609,8.926938
2009-05-26,84.92848199999999,15.516010000000001,15.163464999999999,35.216877000000004,17.213079,10.457219,9.144464
2009-05-27,83.238327,15.499679,14.942038,34.653347,17.140869,10.541552000000001,9.269959
2009-05-28,84.661598,15.736501,15.179867000000002,35.078037,17.339447,10.815632,9.45402
2009-05-29,85.94742600000001,15.842667,15.171666,35.600739000000004,17.682451,10.752383,9.420556
2009-06-01,87.637566,16.626635,15.991753,36.262283000000004,17.980316000000002,11.363792,10.089864
2009-06-02,86.392204,16.406141,16.081968,35.862087,18.368443,11.349736,9.713378
2009-06-03,86.11725600000001,16.373476,15.876945000000001,35.592566999999995,18.359423,10.752383,9.520952000000001
2009-06-04,85.98783900000001,16.39798,16.131176,36.989155,18.603127999999998,10.780493,9.654812
2009-06-05,86.72375500000001,16.071325,16.295191,37.078990999999995,18.693392000000003,10.69616,9.186295
2009-06-08,86.925911,16.144823000000002,16.295191,37.054489000000004,18.837801000000002,10.752383,9.085898
2009-06-09,87.45156899999999,17.165613,16.467402,37.593525,18.946127,11.138906,9.228129
2009-06-10,87.621399,17.11661,16.3608,37.626194,18.720467000000003,11.18107,9.136094
2009-06-11,88.470528,17.018618,16.483814000000002,37.552692,18.900991,11.216211,9.328524
2009-06-12,87.508202,16.977785,16.327997,37.609863,18.819765,11.019435000000001,9.395457
2009-06-15,87.03106700000001,17.255442000000002,15.876945000000001,36.188778000000006,18.251102,10.513441,9.286692
2009-06-16,86.78846,16.928783,15.647319,35.486389,17.772710999999997,10.39397,9.119365
2009-06-17,86.529686,17.4841,15.745733,36.825802,17.998369,10.408026,9.152826
2009-06-18,85.98783900000001,17.418774,15.573506,36.980984,18.278179,10.415053,9.069166000000001
2009-06-19,85.63202700000001,17.688253,15.516103,37.569027,18.648252,10.309637,9.186295
2009-06-22,84.524109,17.124781,15.097857000000001,36.262283000000004,18.02545,9.895002,8.784709
2009-06-23,84.459435,16.830791,15.229073000000001,36.335789,17.935184,10.162055,8.876738000000001
2009-06-24,84.224915,17.132946,15.261876999999998,36.972815999999995,19.189835000000002,10.274498,9.035699000000001
2009-06-25,85.769508,17.435098999999997,15.606314999999999,37.846714,19.523802,10.323691,9.177927
2009-06-26,85.46219599999999,17.516756,15.507902,37.724216,19.171772,10.415053,9.127727
2009-06-29,85.583519,17.394266000000002,15.573506,37.642532,19.406464,10.548578,9.244861
2009-06-30,84.44326,17.394266000000002,15.29468,36.915653000000006,19.334255,10.246387,9.211394
2009-07-01,84.782898,17.639254,15.417694000000001,36.882988,19.623091,10.379914,9.311791
2009-07-02,82.267891,17.394266000000002,15.171666,36.490963,18.991260999999998,10.232332000000001,9.311791
2009-07-06,82.203194,17.475931,15.196270000000002,36.915653000000006,18.657282000000002,10.140972,9.412188
2009-07-07,81.022499,16.961451999999998,14.95844,35.674248,18.214998,9.993391,9.144464
2009-07-08,81.418777,16.675629,14.868232999999998,35.568069,18.567022,9.958252,8.968769
2009-07-09,82.55094100000001,16.691961,14.901038,35.16787,18.341362,10.035557,9.161194
2009-07-10,81.540062,16.700132,15.040448000000001,35.478226,18.494804000000002,9.96528,9.203028
2009-07-13,83.79630300000001,17.026779,15.229073000000001,36.188778000000006,18.748159,10.422080000000001,9.554419000000001
2009-07-14,83.497093,17.230938000000002,15.360294,36.466460999999995,18.666729,10.337748,9.738477
2009-07-15,86.707603,17.876085,16.245985,37.618034,19.462985999999997,11.019435000000001,10.299025
2009-07-16,89.473297,18.243568,16.500214,38.157063,19.580607999999998,9.459286,10.658779
2009-07-17,93.338814,18.790707,16.820045,38.712433000000004,19.671095,9.410092,10.600214999999999
2009-07-20,94.16370400000001,19.280689000000002,17.344908,38.410244,19.462985999999997,9.058705,10.700610000000001
2009-07-21,94.648888,18.83971,17.705742,39.186131,19.843014,9.002485,10.734074
2009-07-22,93.460136,19.035695999999998,17.590931,39.569988,19.680145,9.136012,11.085464
2009-07-23,94.665077,19.452182999999998,17.959969,38.712433000000004,20.087315,9.367925,11.286258
2009-07-24,95.134117,19.672674,17.943567,38.671593,20.204947,9.276565,11.035267
2009-07-27,95.12603,19.607342000000003,17.910769000000002,37.961040000000004,19.888251999999998,9.220344,11.135663000000001
2009-07-28,94.842995,19.754335,17.984576999999998,37.863045,20.123514,9.241427,11.194225999999999
2009-07-29,94.82680500000001,19.803562,17.812357000000002,37.773205,19.915405,9.136012,11.386655000000001
2009-07-30,95.312035,19.811756,18.025579,37.993725,20.033033,9.143038,11.403388
2009-07-31,95.36865999999999,19.729720999999998,18.050179999999997,37.740536,20.023977,9.374952,11.545617
2009-08-03,96.977913,19.992247,18.509435999999997,38.361256,20.177799,9.501451,11.721312
2009-08-04,96.719139,20.180923,18.402824,37.822216,19.806822,9.374952,11.662745
2009-08-05,95.805313,20.000446,18.181395000000002,37.413849,19.399651000000002,9.332787,11.487052
2009-08-06,95.366592,19.934820000000002,18.296209,37.242336,19.191534,9.29062,11.219327999999999
2009-08-07,96.950897,19.770744,18.1978,37.544525,19.390598,9.29062,11.311359
2009-08-10,96.439064,19.401577,17.74675,37.356685999999996,19.227726,9.283592,11.319723
2009-08-11,95.699715,19.393375,17.361307,37.078990999999995,19.254870999999998,9.192232,11.109632000000001
2009-08-12,96.91840400000001,19.590260999999998,17.574532,37.871204,19.79777,9.269537,11.479394000000001
2009-08-13,97.153992,20.131701,17.640137,38.042728000000004,19.89731,9.248455,11.739908999999999
2009-08-14,96.333435,19.655891,17.476116,37.675194,19.870161,9.157094,11.386953
2009-08-17,94.944122,19.147266000000002,17.000465,36.711472,19.363453,8.749489,11.025595
2009-08-18,95.569702,19.557446,17.230091,36.874825,19.526316,8.791655,11.235686999999999
2009-08-19,96.333435,19.672304,17.418715,37.340346999999994,19.707281,8.679211,11.176862
2009-08-20,96.642174,19.778942,17.951771,38.459263,19.852066,8.608933,11.311319000000001
2009-08-21,97.413986,20.131701,18.1978,38.622589000000005,20.005886,8.777598,11.546624000000001
2009-08-24,96.94277199999999,19.852777,18.09119,38.7206,20.1959,8.77057,11.328128999999999
2009-08-25,96.544685,20.000446,18.041981,38.377583,20.114462,8.868958000000001,11.134844000000001
2009-08-26,97.06462900000001,20.066071,17.984576999999998,38.959548999999996,20.087315,9.22737,11.193671
2009-08-27,97.032173,20.115294,17.943567,38.730042,20.051125,9.578756,11.168458
2009-08-28,96.049072,20.484459,18.041981,38.705448,20.051125,9.740394,11.151651
2009-08-31,95.91095,20.172718,17.713943,38.049706,19.79777,9.845809,11.076019
2009-09-01,94.806015,19.943018,17.361307,37.172638,19.852066,9.360897,10.865928
2009-09-02,94.31855,19.762532999999998,17.672939000000003,37.23003,19.698248,9.346843,10.899544
2009-09-03,94.513535,19.951220000000003,17.623737,36.902157,19.508226,9.775530999999999,11.050807
2009-09-04,95.43158000000001,20.394215,17.910769000000002,37.475937,19.879208,10.105834,11.302918
2009-09-08,95.187851,20.558289000000002,17.976377,37.721832,19.79777,10.408026,11.496201
2009-09-09,94.86288499999999,20.623919,18.230601999999998,37.885765,20.376869,10.562634,11.681080999999999
2009-09-10,95.602211,20.509066,18.870272,38.238228,20.594025,10.661022,11.462585
2009-09-11,95.91095,20.008648,18.935881,38.205452,20.684513,10.499386,11.35334
2009-09-14,96.585289,20.312182999999997,18.689856,37.89397,20.557829,10.618856,11.176862
2009-09-15,96.967178,20.369604000000002,18.845675,37.500519,20.503542000000003,10.935102,11.218883
2009-09-16,98.973938,19.795351,19.157304999999997,37.46772,20.023977,11.244322,11.252496
2009-09-17,99.022667,19.360557999999997,19.181906,36.902157,19.472038,11.040517,10.949964
2009-09-18,99.209541,19.737925,19.190110999999998,36.443127000000004,19.562517,11.033489999999999,10.949964
2009-09-21,98.770798,19.664095,19.378731,36.779198,19.517277,11.068629,10.639028999999999
2009-09-22,98.80330699999999,19.491817,19.198309,36.549686,19.372494,11.012407000000001,11.151651
2009-09-23,98.16147600000001,19.729720999999998,18.698057000000002,36.254597,19.119146,11.012407000000001,11.126441999999999
2009-09-24,98.258965,19.335953,18.575039,36.607067,19.155342,10.597773,10.941558
2009-09-25,98.372704,19.15547,18.550435999999998,36.639854,18.87484,10.576689,11.008788000000001
2009-09-28,96.950897,19.614874,19.362323999999997,37.680847,19.155342,10.710216,11.344934
2009-09-29,96.528419,19.319544,19.108101,37.295586,19.110101999999998,10.337748,11.160055999999999
2009-09-30,97.178383,19.434391,19.304928,36.869362,18.856745,10.274498,11.244092
2009-10-01,95.78907,18.581219,18.935881,35.000488,18.422424,9.895002,10.832311
2009-10-02,96.699043,18.449955,18.59144,33.967686,18.404329,9.796615,10.655837
2009-10-05,97.29214499999999,18.540202999999998,18.81287,34.377522,18.44957,9.944197,10.723067
2009-10-06,98.592072,18.950382,19.149105,34.934906,18.585297,10.133944,11.050807
2009-10-07,99.753914,18.720676,19.362323999999997,34.574238,18.612438,10.105834,10.933155000000001
2009-10-08,99.355797,18.482771,19.411533,33.975876,18.820555,10.119888000000001,10.991982
2009-10-09,102.313141,19.393375,19.706768,34.180794,18.811478,10.323691,11.109632000000001
2009-10-12,103.214973,19.524632,19.501739999999998,34.049652,18.793343,10.457219,11.445781
2009-10-13,103.198715,19.376967999999998,19.591951,33.844734,18.965673000000002,10.527495,11.294514999999999
2009-10-14,104.279297,19.376967999999998,19.993797,34.615231,19.219641,10.815632,11.521414
2009-10-15,103.97868299999999,19.073431,19.985595999999997,34.795559000000004,19.337547,9.613895,11.420569
2009-10-16,98.82766,18.66325,19.698567999999998,34.393913,19.781986,9.473339999999999,11.244092
2009-10-19,99.981369,19.294928,19.887188000000002,34.475883,20.335262,9.438203,11.378551
2009-10-20,99.786385,19.409784,19.772367000000003,33.861126,20.126654000000002,9.339815,11.319723
2009-10-21,98.20208000000001,18.868341,19.649364000000002,33.9431,19.981531,9.136012,11.025595
2009-10-22,99.680763,19.590260999999998,19.829781,33.6726,20.126654000000002,9.360897,11.118034
2009-10-23,97.78775,19.278517,19.821579,33.361115000000005,19.999670000000002,9.2344,10.882736
2009-10-26,97.584633,19.4426,19.436134,33.344719,19.945251000000003,9.157094,10.865928
2009-10-27,98.023354,19.524632,19.304928,33.607033,19.836407,9.150066,10.605413
2009-10-28,98.713943,19.326742000000003,18.878475,34.123416999999996,19.319414000000002,8.995459,10.395322
2009-10-29,99.82701899999999,19.722517,19.288523,34.648018,19.455465,9.255483,10.714661999999999
2009-10-30,97.990845,19.334997,18.706259,33.877518,19.138006,8.861931,10.252459
2009-11-02,97.950226,19.334997,18.862072,34.270953999999996,19.128937,8.960318,10.336496
2009-11-03,98.437729,19.35149,18.788265,34.607037,18.947538,9.002485,9.991946
2009-11-04,98.54332,19.433933,19.099899,34.098831,18.956602,9.100872,10.033967
2009-11-05,100.01387,19.936892,19.624760000000002,35.943108,19.337547,9.22737,10.420532000000001
2009-11-06,100.781006,19.821463,19.534548,35.9841,19.428247,9.283592,10.420532000000001
2009-11-09,102.829468,20.307928,19.673956,36.680832,19.800127,9.536589999999999,10.960983
2009-11-10,103.57210500000001,20.654228,19.395132,36.352965999999995,19.772923000000002,9.452258,10.977872
2009-11-11,103.80062099999999,20.885088,19.616554,36.607067,19.863619,9.634977000000001,11.188986
2009-11-12,103.041641,20.918076,19.190110999999998,36.762798,19.990606,9.459286,10.82587
2009-11-13,103.67004399999999,20.975788,19.444336,37.516911,20.262707000000002,9.592811,10.741424
2009-11-16,104.633064,21.396296,19.57555,37.303795,20.707148,9.677144,11.020095
2009-11-17,104.975815,21.33033,19.755972,37.697239,20.679932,9.613895,10.927204
2009-11-18,104.584068,21.231392,19.682159,37.287395000000004,20.679932,9.789587,10.859647
2009-11-19,104.08625,20.514051000000002,19.419731,36.959515,20.30806,9.564701,10.538757
2009-11-20,103.6129,20.398619,19.239317,36.96772,20.262707000000002,9.367925,10.369864999999999
2009-11-23,104.62487800000001,20.728428,19.600151,37.477844,20.498531,9.438203,10.471198
2009-11-24,104.404533,20.843864,19.468941,37.486065,20.081305,9.374952,10.428978
2009-11-25,103.874062,20.959301,19.468941,37.387333,20.498531,9.508479,10.496532
2009-11-27,102.584595,20.819129999999998,19.173707999999998,37.017082,20.035954,9.283592,10.378313
2009-11-30,103.115051,20.85211,19.190110999999998,37.025314,20.026884,9.31873,10.395203
2009-12-01,104.41268199999999,21.388046,19.616554,37.074688,20.353405,9.424146,10.884982
2009-12-02,103.816925,21.404545000000002,19.57555,37.074688,20.55295,9.093844,10.977872
2009-12-03,104.094391,21.800304,19.542749,36.720879,20.534805,8.960318,11.036983
2009-12-04,103.849564,22.138361,19.813374,37.15696,20.707148,8.925179,11.248095
2009-12-07,103.678207,21.948717000000002,19.854383,36.934814,20.389685,8.932207,11.188986
2009-12-08,103.482338,21.709612,19.526344,36.687969,19.872692,8.812736,11.248095
2009-12-09,104.77993000000001,21.429276,19.567352,36.836079,19.908974,8.840846,11.39165
2009-12-10,105.555229,21.388046,19.632957,37.486065,20.489454000000002,8.826791,11.239651
2009-12-11,105.832718,21.14069,19.493548999999998,36.943047,20.661801999999998,9.002485,11.298763000000001
2009-12-14,106.036736,21.421034,19.550949,36.753799,21.142509,9.065733999999999,11.450763
2009-12-15,104.86156499999998,20.975788,19.255714,36.926579,21.00646,8.946261999999999,11.425427
2009-12-16,105.041077,21.091215,19.23111,36.770245,20.970169,8.974374000000001,11.476097
2009-12-17,103.971977,20.678955,19.009689,36.457596,20.752489,8.728403,11.273431
2009-12-18,104.388214,20.992276999999998,19.132702,36.671509,22.076738,8.749489,11.501432000000001
2009-12-21,104.99209599999999,21.305601,19.386929000000002,37.362656,22.158365,8.707321,11.68721
2009-12-22,106.036736,21.14069,19.47714,37.716465,22.185574,8.875987,11.771656
2009-12-23,106.09388,20.876841,19.501739999999998,37.806961,22.430464,8.904098,11.780102000000001
2009-12-24,106.559036,21.297348,19.649364000000002,37.930389,22.630011,8.981401,11.822322999999999
2009-12-28,107.97906499999999,21.017019,19.747774,38.062019,22.648153,8.925179,11.704101
2009-12-29,107.60367600000001,20.918076,19.764175,38.382912,22.684437,8.953289999999999,11.602767
2009-12-30,108.191254,21.421034,19.829781,38.555695,22.61187,9.079789,11.872988000000001
2009-12-31,106.828369,21.486984,19.632957,38.062019,22.249071,9.030595,11.771656
2010-01-04,108.093323,21.445764999999998,20.248034,38.621517,22.539314,9.381981,12.075658
2010-01-05,106.787575,21.322088,20.157812,39.551272999999995,22.5121,9.311703999999999,11.982769000000001
2010-01-06,106.09388,21.165426,20.026604000000003,39.164551,22.185574,9.241427,11.957436
2010-01-07,105.726646,21.231392,20.116812,40.299999,22.113016000000002,9.360897,11.830769
2010-01-08,106.787575,21.717855,20.223423,40.703163,22.385113,9.367925,12.286769999999999
2010-01-11,105.66950200000001,21.437525,20.166012,40.555065,22.394182,9.269537,12.556997
2010-01-12,106.51008600000002,20.538794,19.846182000000002,39.896839,22.276276,9.079789,11.99121
2010-01-13,106.28157,20.62949,20.207027,40.069621999999995,22.493961,9.241427,12.050326
2010-01-14,107.97906499999999,20.373884,20.46125,39.798103000000005,23.030184,9.396036,12.117882
2010-01-15,107.54653200000001,20.200737,20.010199,39.929752,22.939301,9.311703999999999,11.59432
2010-01-19,109.47254199999999,20.382137,20.379246,40.579746,23.021091000000002,9.304675,11.796988
2010-01-20,106.29789699999999,20.241966,20.0184,39.781643,22.775705,9.136012,11.653432
2010-01-21,105.27775600000001,19.936892,19.665762,39.56773,22.566671,9.065733999999999,11.467654
2010-01-22,102.421387,19.054661,18.837467,38.48988,21.948652,8.939236,10.665426
2010-01-25,102.927376,19.532875,18.853872,38.596835999999996,21.839592,8.861931,10.673867
2010-01-26,102.625435,19.252542000000002,18.780066,38.580372,21.703262,8.911126,10.682313
2010-01-27,103.09877,19.400953,18.985085,38.835445,21.685093,9.079789,11.011648
2010-01-28,100.99320999999999,19.102606,18.468429999999998,33.306324,21.330633,9.824725,10.648537
2010-01-29,99.88329300000001,18.646797,18.427423,32.244934,20.95801,9.620922,10.285421000000001
2010-02-01,101.744011,19.102606,18.640648000000002,32.722149,21.103426000000002,9.859864,10.572535
2010-02-02,102.44586899999999,19.318081,18.878475,32.302528,21.5942,10.077722,10.564091000000001
2010-02-03,102.551979,19.226913,18.919481,32.60696,21.585115,10.091778999999999,10.369864999999999
2010-02-04,100.381111,18.721382000000002,18.993285999999998,31.405693,21.00345,9.656061,9.96453
2010-02-05,100.805511,19.03631,19.436134,31.298740000000002,21.403349,9.410092,10.327644
2010-02-08,99.91197199999999,19.144043,19.272116,30.862659000000004,21.012545000000003,9.26251,10.192530999999999
2010-02-09,101.002251,19.376087,19.591951,31.191771000000003,21.366995000000003,9.381981,10.260087
2010-02-10,100.674339,19.425816,19.485342000000003,30.796839000000002,21.00345,9.220344,10.327644
2010-02-11,101.428505,19.699306,19.624760000000002,31.274052,21.221577,9.199259,10.530312
2010-02-12,101.64986400000001,19.91478,19.485342000000003,31.956970000000002,21.276106,9.093844,10.530312
2010-02-16,102.658165,20.544634,19.682159,32.105076000000004,21.639645,9.311703999999999,10.935647
2010-02-17,103.55989100000001,20.478320999999998,19.739570999999998,32.442417,21.975920000000002,9.35387,10.969428
2010-02-18,104.77310899999999,20.577772,19.911783,32.755066,22.284927,9.44523,10.707645
2010-02-19,104.264877,20.726948,19.977394,32.574047,22.103158999999998,9.396036,10.555646000000001
2010-02-22,103.986168,20.4949,19.928188000000002,32.096844,22.548492,9.473339999999999,10.564131
2010-02-23,103.66643499999999,20.138538,19.723167,31.710125,22.248573,9.31873,10.190782
2010-02-24,104.592781,20.511475,19.960993,31.296910999999998,22.512135999999998,9.360897,10.411398
2010-02-25,104.166519,20.320866,19.952791,30.726671000000003,22.603023999999998,9.283592,10.36897
2010-02-26,104.24029499999999,20.20484,19.952791,30.313456,22.403078,9.466313000000001,10.385942
2010-03-01,105.396126,20.412025,20.174221,29.387863,22.484875,9.332787,10.606558
2010-03-02,104.4534,20.287717999999998,20.182419,31.3465,22.339457,9.494425,10.538675
2010-03-03,104.010757,20.221415,20.371038000000002,31.974586,22.266747,9.740394,10.513223
2010-03-04,103.879601,20.445180999999998,20.46125,32.437386,22.503044,9.684172,10.40291
2010-03-05,104.314041,20.693804,20.674471,32.032433000000005,22.675732,9.93014,10.428366
2010-03-08,103.625465,20.461754,21.428953,32.057235999999996,22.448517000000002,9.958252,10.487762
2010-03-09,102.92047099999999,20.047379,21.428953,31.966317999999998,22.61211,9.923113,10.428366
2010-03-10,102.977852,20.378876,21.215730999999998,32.131607,22.603023999999998,10.232332000000001,10.632014
2010-03-11,104.600967,19.947929000000002,21.297745000000003,32.313419,22.848412,10.183139,10.53019
2010-03-12,104.87968400000001,19.889919,21.223932,32.189457,22.766613,10.429109,10.487762
2010-03-15,104.789513,19.840195,21.387951,32.123337,22.975649,10.408026,10.377456
2010-03-16,105.47811100000001,20.453460999999997,21.445353,32.239044,22.912027,10.63994,10.564131
2010-03-17,104.732117,20.644070000000003,21.535566,32.148132000000004,23.148331,10.836715,10.742321
2010-03-18,105.240379,20.486612,21.601175,33.412571,23.066536,10.738327,10.716864999999999
2010-03-19,104.691162,20.188264999999998,21.445353,33.098534,22.89386,10.590745,10.598073
2010-03-22,104.91248300000001,20.4949,21.551966,33.288601,23.230125,10.618856,10.844142
2010-03-23,106.05194099999999,21.0916,21.847198000000002,33.486946,23.620926,10.724271,11.234466000000001
2010-03-24,105.36334199999999,20.544634,21.69138,33.214233,23.411896,10.590745,11.030819000000001
2010-03-25,105.94538899999999,20.544634,21.674982,34.867084999999996,23.666372,10.682103999999999,11.166584
2010-03-26,105.961777,20.511475,21.707788,34.569571999999994,23.348276000000002,10.864825999999999,11.209012
2010-03-29,105.41251399999999,20.4949,21.740591000000002,34.511715,23.239218,10.836715,11.293861
2010-03-30,105.560097,20.395452,21.855404,34.817501,23.211948,10.829687,11.412655
2010-03-31,105.133827,20.279425,21.346949,34.677017,23.366453,10.921047,11.429627
2010-04-01,105.133827,20.412025,21.18293,34.933193,23.139242000000003,10.977267999999999,11.327805
2010-04-05,106.03556100000002,21.04187,21.46176,35.148083,23.248307999999998,10.998351,11.472052
2010-04-06,105.69123799999998,20.760096,21.502764000000003,35.065426,23.475513,10.935102,11.438113000000001
2010-04-07,105.32235700000001,20.983857999999998,21.601175,35.346405,23.548222,10.885908,11.522963
2010-04-08,104.6092,20.486612,21.551966,35.040649,23.475513,10.597773,11.319317
2010-04-09,105.55188799999999,20.66894,21.8144,34.850559000000004,23.748173,10.548578,11.429627
2010-04-12,105.22397600000001,21.290497,21.756996,34.900146,23.857445000000002,10.611829,11.565389999999999
2010-04-13,105.77323200000001,21.439676000000002,21.68318,34.958,23.99403,10.625883,11.70964
2010-04-14,107.59306299999999,22.293283,22.044017999999998,35.205929,24.021345,10.871853999999999,12.227241000000001
2010-04-15,107.29798100000001,22.36787,22.314653,35.288574,23.857445000000002,10.724271,12.167842
2010-04-16,107.084846,22.02808,22.126032000000002,35.321636,23.629793,10.499386,12.184814
2010-04-19,108.39641599999999,21.90377,22.199835,35.329884,23.848330999999998,10.646967,12.133902
2010-04-20,106.31427,22.086094,22.290052,35.776165,23.811914,10.661022,12.269662
2010-04-21,105.740448,21.895489,22.339261999999998,35.230717,23.939392,10.506413,12.244212
2010-04-22,105.855202,21.961776999999998,22.404861,32.50349,23.893864,9.128983,12.193296
2010-04-23,106.56021100000001,22.102667,22.527876000000003,31.610958,24.11241,8.967346000000001,12.278152
2010-04-26,107.16680900000001,22.508759,22.609884,31.495251,24.103296,8.749489,12.184814
2010-04-27,105.601082,21.994932000000002,22.150635,31.33823,23.65711,8.524602,11.819946
2010-04-28,106.65039099999998,21.978281,22.175235999999998,32.082015999999996,23.547838,8.440269,11.921771000000001
2010-04-29,106.945503,22.486110999999998,22.577084,32.214249,23.648001,8.475408,12.099961
2010-04-30,105.74864199999999,21.653605,22.085026,31.966317999999998,23.556942000000003,8.545684,11.692666000000001
2010-05-03,106.240494,22.019909,22.585283,31.933256,23.684429,8.510546000000001,11.879344
2010-05-04,105.027229,21.428823,21.781589999999998,31.073774,22.737419,8.292686999999999,11.361744999999999
2010-05-05,104.48620600000001,21.537052,21.773394,31.098568,22.710096,8.201327000000001,11.217494
2010-05-06,102.104965,20.871044,20.904097,30.305196999999996,21.772192,7.88508,10.784749
2010-05-07,100.60537,20.596315,20.264423,30.164697999999998,21.316896,7.898305000000001,10.606558
2010-05-10,104.04124499999999,21.495424,21.428953,30.883703000000004,22.209267,8.250974000000001,11.192039999999999
2010-05-11,104.55210100000001,21.353901,21.289539,30.974602,22.027159,8.059944999999999,11.336286999999999
2010-05-12,109.32283799999999,21.728531,21.929213,31.536583,22.400496,8.096682000000001,11.684182
2010-05-13,108.334099,21.220697,20.936901000000002,31.371288,22.072681,7.839527,11.225977
2010-05-14,108.09515400000001,20.712866,20.453051000000002,30.825846000000002,21.653812,7.5529839999999995,10.988389999999999
2010-05-17,107.47718799999998,21.162423999999998,20.395638,30.883703000000004,21.61739,7.648498,11.183553
2010-05-18,107.07343300000001,20.429810999999997,19.977394,30.338243,21.335106,7.486859,10.979909
2010-05-19,106.175339,20.521389000000003,19.895391,30.123375,21.116564,7.501554,11.047789999999999
2010-05-20,102.00608100000001,20.196710999999997,19.116301,29.412651,20.351677,7.369302,10.767774000000001
2010-05-21,103.34090400000001,20.454788,19.239317,29.660582,20.178658,7.398692,10.793231
2010-05-24,102.54167199999999,20.180056,19.165508,29.478764,20.287931,7.361955,10.656716000000001
2010-05-25,102.599335,20.313257,19.116301,29.429178000000004,20.215082000000002,7.516247,10.810295
2010-05-26,101.53643000000001,20.096813,18.771864,28.980515999999998,19.951006,7.310524000000001,10.682314
2010-05-27,104.140129,20.687891,19.411533,29.5455,20.561113,7.58972,11.151585
2010-05-28,103.20908399999999,20.329914000000002,18.993285999999998,29.5455,20.552001999999998,7.435427000000001,11.023602
2010-06-01,102.451035,20.271631,18.862072,29.138367,20.215082000000002,7.361955,10.74204
2010-06-02,104.980598,20.612965,19.149105,29.9277,20.615736,7.457469000000001,10.963875999999999
2010-06-03,105.43375400000001,20.846069,19.452536,30.301579999999998,20.797860999999997,7.5089,11.117453999999999
2010-06-04,103.225548,20.130108,18.829273,29.329475,20.151342,7.038675,10.724977
2010-06-07,102.277977,19.705524,18.665251,29.088528000000004,19.759785,6.8549940000000005,10.39222
2010-06-08,101.94017,19.880352,18.829273,29.304554,19.814426,7.134189999999999,10.528733
2010-06-09,102.08850100000001,19.763804999999998,18.68165,28.847569,19.614094,6.730091000000001,10.400751
2010-06-10,105.203033,20.421488,18.673451999999997,29.105139,20.215082000000002,6.957857000000001,10.690844
2010-06-11,105.83750900000001,20.354889,18.788265,29.379339,20.661270000000002,7.009287,10.827359
2010-06-14,105.878708,20.454788,18.665251,28.905731,20.661270000000002,6.9358130000000005,10.827359
2010-06-15,106.941589,21.395521,19.132702,29.562113,21.125671,7.21501,11.313698
2010-06-16,107.403038,21.162423999999998,19.099899,29.146684999999998,21.107461999999998,6.443548000000001,11.424615
2010-06-17,107.922119,21.253998,19.001486,29.670135,21.007298000000002,6.605187,11.433147
2010-06-18,107.23820500000001,21.187399,19.263914,29.653509000000003,21.125671,6.539062,11.381953999999999
2010-06-21,107.65021499999999,21.020895,19.140905,29.611971,21.025505,6.392117,11.313698
2010-06-22,106.537849,20.604643,18.837467,29.553804,20.84339,6.245172,11.143052
2010-06-23,107.20529199999999,20.629611999999998,18.747260999999998,29.429174,20.652164000000003,6.30395,11.194242
2010-06-24,105.623268,20.213362,18.509435999999997,28.905731,20.233292000000002,6.171698999999999,10.887085
2010-06-25,104.741623,20.013552,18.189595999999998,28.722944000000002,20.633957000000002,6.06149,11.0492
2010-06-28,106.2742,20.279958999999998,18.386419,28.282590999999996,20.442728,6.098226,10.946810000000001
2010-06-29,103.069,19.888678,17.730349,27.534810999999998,19.805311,5.892503,10.511669
2010-06-30,101.742424,19.380854,17.476116,27.285546999999998,19.541245,5.988018,10.255703
2010-07-01,100.99260699999999,19.289274,17.435114000000002,26.554398,19.623199,6.14231,10.23864
2010-07-02,100.407608,19.239319000000002,17.328505,26.895042,19.878166,6.193741,10.23864
2010-07-06,101.72592900000001,19.247652,17.500723,27.127689,20.324354,6.157004,10.050932000000001
2010-07-07,104.642769,20.188385,18.435619,27.734211,21.025505,6.421505000000001,10.400751
2010-07-08,105.44198600000001,20.163406,18.493032,28.1912,21.143883,6.30395,10.332494
2010-07-09,105.43375400000001,20.379866,18.616047000000002,28.174576000000002,21.28047,6.230476,10.494605
2010-07-12,106.018768,20.604643,18.747260999999998,29.163301,21.33522,6.179047,10.503136999999999
2010-07-13,107.510147,21.137445,18.935881,29.869535,21.636362,6.289255000000001,10.682314
2010-07-14,107.70787800000001,20.887691,19.468941,30.658863,21.846249,6.318645,10.690844
2010-07-15,107.70787800000001,21.145771,19.616554,30.642235,21.745869,6.509673,10.631122
2010-07-16,105.49144,20.621292,18.657049,29.877840000000003,21.234848,6.421505000000001,10.400751
2010-07-19,106.941589,21.270645000000002,18.640648000000002,30.550852000000003,21.526857,6.480283,10.562861999999999
2010-07-20,104.271996,20.621292,18.903076000000002,30.534228999999996,21.827997,6.619883,10.528733
2010-07-21,103.217285,20.396515,18.501234,30.044014,21.499482999999998,6.480283,10.409282000000001
2010-07-22,105.030029,21.054197,19.083498000000002,32.495067999999996,22.183885999999998,6.737438,10.622589
2010-07-23,105.779816,21.129118,19.149105,32.470141999999996,22.357269,6.921119,10.673783
2010-07-26,105.80455,21.362227999999998,19.362323999999997,32.603069,22.485027,6.928468,10.716443
2010-07-27,105.985802,21.295624,19.108101,32.586452,22.42115,6.847646000000001,10.759103999999999
2010-07-28,105.821045,21.094883,19.181906,32.204262,22.156511,6.803564,10.537267
2010-07-29,105.48319199999999,20.810488,19.034285999999998,32.220882,21.627237,6.774175,10.187446000000001
2010-07-30,105.79630300000001,20.651571,18.919481,31.639275,21.572483,6.987246000000001,10.067995
2010-08-02,107.74083700000001,21.002876,19.518145,32.204262,22.165644,7.075411999999999,10.247172
2010-08-03,107.419495,20.751947,19.534548,31.955011,22.092634,7.1121479999999995,10.085059
2010-08-04,108.161057,21.061419,19.796976,31.930079,22.348145000000002,7.023982000000001,10.127721000000001
2010-08-05,108.622475,21.24544,19.821579,31.988234999999996,22.165644,7.08276,10.076527
2010-08-06,107.76133,21.295624,19.739570999999998,32.112877000000005,22.247760999999997,6.994592,10.102125
2010-08-09,109.301468,21.496367000000003,20.313631,33.026817,22.138264000000003,7.038675,10.127721000000001
2010-08-10,109.16899099999999,21.203615,19.936386,33.051743,22.165644,7.016634,9.837626
2010-08-11,107.504616,20.885771,19.460735,32.702785,21.590736,6.663964999999999,9.564596
2010-08-12,106.23770900000001,20.417370000000002,17.517128,31.772213,20.933704000000002,6.656619,9.521936
2010-08-13,105.88166799999999,20.308628,17.517128,31.531267,20.678198000000002,6.509673,9.530467
2010-08-16,105.798874,20.51774,17.968177999999998,32.104561,20.73295,6.509673,9.564596
2010-08-17,106.36193100000001,20.659935,18.082983,32.519993,21.034092,6.553757000000001,9.718173
2010-08-18,107.140289,20.835583,18.378222,32.436901,21.070587,6.583145,9.709644
2010-08-19,106.73455,20.51774,18.222403,31.664203999999998,20.988457,6.700702000000001,9.692578999999999
2010-08-20,105.57530200000001,20.659935,18.230601999999998,32.328884,21.00671,6.678660000000001,9.462209
2010-08-23,104.722412,20.383909,17.779557999999998,32.021477000000004,20.842449,6.54641,9.43645
2010-08-24,103.422379,20.300272,17.328505,31.606040999999998,20.450058,6.4362010000000005,9.092993
2010-08-25,103.72874499999999,20.333725,17.39411,32.11541,20.459185,6.399464,9.196032
2010-08-26,101.666931,19.932234,16.975864,31.965107,20.304047,6.406811,9.041477
2010-08-27,103.281624,20.199898,17.066072,32.265716999999995,20.541317000000003,6.362728,9.178859
2010-08-30,102.18032099999999,19.447098,16.664228,31.973463,20.094168,6.289255000000001,8.98996
2010-08-31,101.956749,19.254726,16.393601999999998,31.981813,19.929910999999997,6.289255000000001,8.904094
2010-09-01,104.142761,19.86532,16.615029999999997,33.067345,20.641697,6.539062,9.196032
2010-09-02,103.53830699999999,20.107885,16.828251,33.418064,20.513942999999998,6.641922999999999,9.264725
2010-09-03,105.64154099999999,20.350456,17.254694,33.718681,20.915453,6.796216,9.427863
2010-09-07,104.291847,19.756586,16.877453,33.877331,22.138264000000003,6.957857000000001,9.290481
2010-09-08,104.39945999999999,19.80677,16.926657000000002,34.169598,22.028759,7.126842,9.084406
2010-09-09,104.63134000000001,19.940603,16.902060000000002,34.152885,22.202141,7.170927000000001,9.256134
2010-09-10,105.98103300000001,19.823503,16.910259,33.752078999999995,22.859167000000003,7.303176,9.170273
2010-09-13,107.322456,20.459188,17.435114000000002,34.236408000000004,22.913926999999997,7.442774000000001,9.256134
2010-09-14,106.693169,20.651571,17.590931,34.328259,23.160311,7.303176,9.539486
2010-09-15,107.17339299999999,20.634838000000002,17.705742,35.054741,23.488827,7.310524000000001,9.479381
2010-09-16,107.372147,20.894135000000002,17.984576999999998,35.046378999999995,23.142060999999998,7.428081,9.513728
2010-09-17,107.802719,21.513098,17.927167999999998,35.513996,25.076645000000003,7.317872,9.46221
2010-09-20,109.127579,21.630198,17.836962,35.914809999999996,25.08577,7.545638,9.582419
2010-09-21,109.284897,21.580009,17.74675,36.332336,24.474370999999998,7.251746000000001,9.659697
2010-09-22,109.77343,21.278896,17.771351,36.156975,24.821138,7.303176,9.582419
2010-09-23,109.02820600000001,21.554916,17.656546,36.449234000000004,24.748133,7.1635789999999995,9.694041
2010-09-24,111.04866799999999,22.525185,18.115793,37.200759999999995,24.602123000000002,7.391344999999999,9.98598
2010-09-27,111.49578100000001,22.316071,18.132196,37.234169,24.592997,7.207663,9.908700999999999
2010-09-28,111.69450400000001,22.633919,17.927167999999998,36.799957,24.81201,7.2443979999999994,10.071843
2010-09-29,112.18306000000001,22.449904999999998,17.935377,37.000355,24.79376,7.21501,10.028912
2010-09-30,111.07348600000002,22.700834,17.959969,37.685093,24.501749,7.369302,10.028912
2010-10-01,112.315552,22.792845,17.968177999999998,36.958611,24.857634,7.575025,10.054673
2010-10-04,111.992622,22.75938,17.845157999999998,36.649646999999995,24.592508,7.383997,9.86577
2010-10-05,113.98820500000001,23.696189999999998,18.033779,36.958611,24.958197,7.64115,10.183467
2010-10-06,114.137207,23.679464000000003,18.288013,37.284267,25.214185999999998,7.692582000000001,10.071843
2010-10-07,114.865898,23.537264,18.361824,37.200759999999995,25.314745000000002,7.868917,10.071843
2010-10-08,114.97358700000001,24.030762,18.435619,37.376129,25.598152,7.957083,10.149121000000001
2010-10-11,115.644302,24.064222,18.427423,36.891808000000005,25.461018,8.052598,10.149121000000001
2010-10-12,115.80160500000001,23.988945,18.550435999999998,37.401184,25.552446,8.008513,10.269331
2010-10-13,116.232201,23.52054,19.009689,37.843742,26.146685,8.265669,10.277917
2010-10-14,117.16787,23.679464000000003,18.919481,37.60994,25.899845000000003,8.052598,10.226398
2010-10-15,116.80353500000001,24.0224,19.157304999999997,37.401184,26.42095,7.9938199999999995,10.320849
2010-10-18,118.26915,23.721289000000002,19.108101,37.150661,26.722640999999996,8.037903,10.260744
2010-10-19,114.29457099999999,23.445263,18.837467,36.925209,26.631221999999998,7.7880970000000005,10.114773
2010-10-20,115.155746,23.495441,19.190110999999998,37.058815,26.183254,7.957083,10.252155
2010-10-21,115.785049,23.604183,19.075298,36.724792,26.347815999999998,8.287709,10.217811
2010-10-22,115.652557,23.972217999999998,19.255714,36.891808000000005,26.503228999999997,8.12607,10.415299000000001
2010-10-25,115.793304,24.239876000000002,19.362323999999997,37.017059,26.366097999999997,8.133417999999999,10.432472
2010-10-26,116.480576,24.156233,19.190110999999998,36.691390999999996,26.17411,8.008513,10.380956
2010-10-27,117.10992399999999,24.624636,19.099899,37.142323,26.238111,7.9203470000000005,10.50975
2010-10-28,116.67103600000002,24.565823,19.017893,37.092213,26.841492,8.104028999999999,10.518336999999999
2010-10-29,118.90673799999999,24.843073,18.747260999999998,37.710144,26.859779,7.861567999999999,10.604202
2010-11-01,118.67491899999999,24.73385,18.796463,37.852089,26.631221999999998,7.685236,10.621374000000001
2010-11-02,119.105499,24.868273000000002,19.001486,37.893852,26.996909999999996,7.773402000000001,10.715823
2010-11-03,119.37874599999999,25.204335999999998,19.444336,38.152706,26.695215,7.773402000000001,10.767342
2010-11-04,121.54821000000001,25.834436,19.854383,40.365547,26.942059000000004,7.890958,11.067867
2010-11-05,121.655876,26.439346,19.895391,40.357197,26.740928999999998,7.9130009999999995,11.145144
2010-11-08,121.81386599999999,26.363731,20.001998999999998,39.914619,26.548944,7.766054,10.990587
2010-11-09,121.54771399999998,26.330128000000002,19.969196,40.014832,26.274677,7.839527,11.007758
2010-11-10,121.888733,26.330128000000002,20.084004999999998,39.814423,26.228968,7.898305000000001,11.033519
2010-11-11,120.957191,25.876445999999998,16.828251,40.014832,26.119259,7.766054,10.844617999999999
2010-11-12,119.55161299999999,26.002468,16.524813,39.639065,25.890701,7.5529839999999995,10.810273
2010-11-15,119.46840700000001,25.918457,16.3608,39.13805,25.963842,7.575025,10.827444999999999
2010-11-16,118.30403100000001,25.683216,15.94255,38.728885999999996,25.214185999999998,7.406039,10.698651
2010-11-17,118.06278200000001,25.968863,15.917948999999998,40.064941,25.515871,7.464817,10.629959
2010-11-18,120.06723799999999,26.44775,16.081968,39.847828,25.881563,7.575025,10.861791
2010-11-19,120.64117399999999,26.834215000000004,16.081968,40.048241,25.735285,7.435427000000001,10.758757000000001
2010-11-22,120.92393500000001,27.086258,16.040956,39.922482,25.643864,7.339914,10.819196
2010-11-23,119.08580800000001,26.867819,15.745733,39.486538,24.857634,7.031328,10.715581
2010-11-24,121.27321599999999,27.346698999999997,15.958953,40.299744,25.360456,7.075411999999999,10.871006
2010-11-26,119.68463899999999,27.052652000000002,15.983553,39.989554999999996,25.131897,7.016634,10.819196
2010-11-29,118.84463500000001,27.052652000000002,15.94255,39.637446999999995,24.885067000000003,6.862342,10.810563
2010-11-30,117.655304,26.716590999999998,15.712933,39.251801,24.729641,6.781521000000001,10.732853
2010-12-01,120.108879,27.371908,15.844144,40.14883,25.278179,7.05337,11.026428999999998
2010-12-02,120.749283,27.598745,15.762129000000002,40.651848,25.689575,7.178273,11.147313
2010-12-03,120.91561899999999,27.573538,15.639120000000002,40.928505,26.338669,7.3472610000000005,11.276833
2010-12-06,120.59127,27.68276,15.934351999999999,40.509331,26.265534999999996,7.2958300000000005,11.242295
2010-12-07,119.784508,28.069221000000002,15.90155,40.635082000000004,26.558084,7.3766490000000005,11.216391999999999
2010-12-08,120.58290900000001,28.354871999999997,15.868742999999998,40.978817,26.722640999999996,7.413386,11.259564
2010-12-09,120.01738,28.346472,16.155779000000003,41.146477000000004,26.750069,7.170927000000001,11.466794
2010-12-10,120.449875,27.556738,16.155779000000003,41.481827,27.371741999999998,7.207663,11.535871
2010-12-13,120.00071000000001,27.388708,16.057362,41.180019,27.810565999999998,7.317872,11.414987
2010-12-14,121.281578,27.556738,16.024559,41.23032,27.892843,7.310524000000001,11.484065
2010-12-15,120.366676,27.422314,15.967154,41.154854,27.874556,7.2443979999999994,11.397717
2010-12-16,120.22528799999999,27.405509999999996,16.196779,41.624359000000005,27.673434999999998,7.281136,11.553142999999999
2010-12-17,120.599556,27.329898999999997,16.032759,41.465057,28.761351,7.2958300000000005,11.751738000000001
2010-12-20,120.192039,27.161863,16.09017,41.448291999999995,28.953335,7.273788000000001,11.743102
2010-12-21,121.215019,27.254282,16.016361,41.909389000000004,29.035624,7.486859,12.010777000000001
2010-12-22,121.389702,27.279490999999997,16.040956,41.909389000000004,28.944201,7.538289999999999,12.08849
2010-12-23,121.339836,27.187075,16.147575,41.448291999999995,28.834494,7.530942,12.08849
2010-12-27,120.882332,27.203875,16.533016,41.590813,28.944201,7.5089,12.157566000000001
2010-12-28,121.190102,27.086258,16.688833,41.8004,28.861921000000002,7.4795110000000005,12.174836
2010-12-29,121.863739,27.313098999999998,16.606827,41.909389000000004,28.797918,7.538289999999999,12.192101
2010-12-30,121.988564,27.304691,16.59042,41.691418,28.605932,7.523594999999999,12.200738000000001
2010-12-31,122.06336999999999,27.304691,16.59042,41.490208,28.615078000000004,7.582373,12.131662
2011-01-03,122.66221599999999,27.497929,16.803644,42.068672,28.907631,7.83218,12.140296000000001
2011-01-04,122.79531100000001,27.447519,16.828251,42.730971999999994,28.779638000000002,7.979125,12.062586
2011-01-05,122.304588,27.556738,17.033276,43.619621,28.377382,7.83218,11.881260000000001
2011-01-06,123.643654,27.934796999999996,17.180887,44.156166,28.496229,7.780749,11.993508
2011-01-07,123.036507,27.909601000000002,17.197292,43.368122,28.368244,7.721971000000001,12.053951
2011-01-10,122.79531100000001,28.044022,17.049671,43.334590999999996,28.377382,7.619110000000001,11.88989
2011-01-11,122.49588,28.144838,17.123476,43.653172,28.331667,7.677886999999999,12.157566000000001
2011-01-12,124.009621,28.279259000000003,17.320303,43.879523999999996,28.285961,7.905652000000001,12.312992
2011-01-13,123.77676399999999,28.128034999999997,17.287498,43.485489,28.505371000000004,7.9938199999999995,12.295721
2011-01-14,124.75821699999999,28.598515000000003,17.39411,43.628014,28.615257,8.074639,13.228257999999999
2011-01-18,125.298767,29.279028000000004,17.402309,44.457989000000005,28.871653000000002,7.83218,13.124649
2011-01-19,129.49066200000001,28.699334999999998,17.074276,43.711849,28.935746999999996,7.5529839999999995,13.150549
2011-01-20,129.582184,28.489292,17.033276,43.032768,29.585886,7.699928,13.003761
2011-01-21,129.332657,28.489292,17.000465,42.957333,29.769026,7.9203470000000005,12.960589
2011-01-24,132.767624,29.111008,17.361307,43.166911999999996,29.668298999999998,8.015862,13.271432999999998
2011-01-25,134.27304099999998,28.548103,17.664742999999998,43.192066,29.56757,7.780749,13.271432999999998
2011-01-26,133.94035300000002,28.833759000000004,17.566329999999997,43.477115999999995,29.814812,7.883610000000001,13.349145000000002
2011-01-27,133.965347,29.204822999999998,17.582735,46.025707000000004,30.144448999999998,7.758706,13.901762
2011-01-28,132.418365,28.901220000000002,17.16449,45.053219,29.302023,7.766054,13.616819
2011-01-31,134.738846,28.597620000000003,17.344908,45.380177,29.329489000000002,7.861567999999999,13.547742999999999
2011-02-01,136.036301,29.516861,17.607332,46.176613,30.437471000000002,7.971779,14.005376
2011-02-02,135.820084,29.618060999999997,17.730349,45.262809999999995,30.345901,8.339141,14.117628
2011-02-03,136.011383,29.508425,17.968177999999998,46.092773,30.208551,8.221584,13.936301
2011-02-04,136.402298,29.887928000000002,18.082983,46.302357,29.869745,8.12607,14.238510999999999
2011-02-07,137.08428999999998,29.736124,18.066584,46.168232,30.199402000000003,8.295056,14.152165
2011-02-08,138.654144,29.752997999999998,18.033779,47.031731,30.245174,8.287709,13.953570999999998
2011-02-09,137.48513799999998,29.601194,18.074785000000002,47.123959,30.116979999999998,8.618337,13.703164000000001
2011-02-10,137.017441,29.677095,15.516103,47.786251,30.455790999999998,7.9938199999999995,13.919032999999999
2011-02-11,136.81706200000002,30.039728000000004,15.335688000000001,48.289272,30.648085,6.877036,13.824051999999998
2011-02-14,136.291046,30.216831,15.425892000000001,48.767128,30.483259000000004,6.494978,13.98811
2011-02-15,135.97374,30.334902000000003,15.311079000000001,49.161152,29.997934000000004,6.663964999999999,13.919032999999999
2011-02-16,136.44133,30.40237,15.23727,49.07732,30.318436,6.686007000000001,14.117628
2011-02-17,137.142731,30.765001,15.319282999999999,49.462967,30.226864000000003,6.6713130000000005,14.178069
2011-02-18,137.643753,30.554165,15.458699,49.622253,30.840382,6.7521320000000005,14.221244
2011-02-22,135.230545,30.149368,15.245479000000001,48.825825,29.787334,6.51702,13.521837
2011-02-23,133.752548,29.854190999999997,15.089660999999998,47.951069,29.466852000000003,6.30395,13.504566
2011-02-24,134.24525500000001,29.879503000000003,15.056854999999999,48.615536,29.530943,6.340686,13.668626000000001
2011-02-25,135.50608799999998,30.039728000000004,15.286482000000001,49.641682,30.171928,6.3553809999999995,13.919032999999999
2011-02-28,135.17211899999998,30.031298,15.220872,50.112701,30.126143,6.340686,14.248581
2011-03-01,133.577209,29.516861,15.220872,48.817402,28.999841999999997,6.333339,14.049117
2011-03-02,133.73585500000002,30.478270000000002,15.171666,48.026768,29.411904999999997,6.377422,14.239904999999998
2011-03-03,136.508118,30.832471999999996,15.196270000000002,49.490284,30.245174,6.3553809999999995,14.612813000000001
2011-03-04,135.130295,30.587903999999998,15.089660999999998,48.909924,29.997934000000004,6.237824,14.508745999999999
2011-03-07,133.543808,29.921669,14.925642000000002,48.4305,29.393590999999997,6.1276150000000005,13.840981
2011-03-08,135.50608799999998,30.242128000000005,14.942038,48.068816999999996,29.979631,6.252519,13.693556
2011-03-09,138.495468,29.297590000000003,14.860029,46.260456,30.025421,6.318645,13.268610999999998
2011-03-10,135.289001,28.884357,14.696017000000001,45.453007,29.118883,6.171698999999999,12.973753
2011-03-11,135.63133200000001,29.002421999999996,14.720617,45.091331,29.219603999999997,6.237824,13.008436999999999
2011-03-14,134.762924,29.145794,14.638608999999999,44.981995,28.92659,6.098226,12.973753
2011-03-15,132.783981,28.589190000000002,14.261366,44.578266,28.542006,5.921893,12.904372
2011-03-16,127.75716399999999,27.653082,13.982535,42.475513,27.653782,5.796988,12.540138
2011-03-17,128.742477,27.889217,13.941528,44.006316999999996,27.974273999999998,5.892503,12.861011999999999
2011-03-18,130.17036399999998,28.133778000000003,14.056341,43.49324,28.166569,6.083532,12.869685
2011-03-21,131.66499299999998,28.403655999999998,14.261366,45.108158,28.770922,6.171698999999999,13.190560000000001
2011-03-22,131.932205,28.369922999999996,14.310569000000001,44.149307,28.505371000000004,6.157004,13.103836
2011-03-23,133.209824,28.85063,14.417182999999998,44.115662,28.761765999999998,6.157004,13.147195000000002
2011-03-24,133.635712,29.398787,14.236765,45.183857,29.430215999999998,6.208435,13.390023000000001
2011-03-25,135.422577,29.213253,14.17116,44.367992,29.888065,6.134963,13.38135
2011-03-28,134.74624599999999,29.086756,14.09735,43.888560999999996,29.814812,6.421505000000001,13.416037
2011-03-29,136.007126,29.48313,14.352466,45.343662,30.364221999999998,6.377422,13.615501
2011-03-30,136.608322,29.297590000000003,14.261941,45.848312,30.263489,6.333339,13.641515
2011-03-31,136.165771,29.145794,14.113806,46.117466,30.611452000000003,6.252519,13.546122
2011-04-01,137.167786,28.867495,14.023283,45.814686,31.151715999999997,6.2819080000000005,13.46807
2011-04-04,137.151093,28.766287,14.039741000000001,44.670788,31.261590999999996,6.406811,13.355331
2011-04-05,136.93399,29.255419,14.171412,44.224998,31.060137,6.443548000000001,13.46807
2011-04-06,136.975708,29.398787,14.870934,45.032447999999995,30.748808,6.62723,13.65886
2011-04-07,137.259613,29.719267,14.739258999999999,44.771725,30.876996999999996,6.5904929999999995,13.442057
2011-04-08,136.98407,29.660225,14.525289,45.108158,30.712187,6.62723,13.277281
2011-04-11,136.900589,29.457829999999998,14.377151000000001,44.914711,30.987381,6.634575999999999,13.294626999999998
2011-04-12,136.316101,28.791590000000003,14.352466,43.947433000000004,30.638797999999998,6.4141580000000005,13.034458
2011-04-13,136.900589,28.960258000000003,14.196107999999999,44.309109,30.914009000000004,6.421505000000001,12.904372
2011-04-14,137.752289,29.272292999999998,14.130267000000002,44.241817,31.00573,6.377422,12.817651
2011-04-15,138.78772,29.508425,14.015049,44.696014,31.354307000000002,6.362728,12.765618
2011-04-18,138.56225600000002,29.339765999999997,13.768163000000001,44.822178,30.849789,6.171698999999999,12.557481
2011-04-19,138.111343,29.128927,13.669410000000001,44.931534,30.886478000000004,6.112921,12.670221000000002
2011-04-20,137.568558,29.626495000000002,13.932757,46.487559999999995,31.290102,6.311297,13.251267000000002
2011-04-21,140.51615900000002,29.955395000000003,13.940985000000001,47.892196999999996,31.877182,6.340686,13.225245999999999
2011-04-25,140.006821,29.871063,14.07266,47.791271,31.950577000000003,6.377422,13.268610999999998
2011-04-26,140.691589,30.140934,14.418304999999998,48.127705,32.07901,6.509673,13.53745
2011-04-27,142.261368,30.275864000000002,14.146729,48.935162,32.33585,6.744786,13.806291
2011-04-28,142.603699,30.089651,14.229021,48.4305,32.372555,6.803564,13.606829999999999
2011-04-29,142.436707,30.072737,14.418304999999998,48.018353000000005,32.987156,6.781521000000001,13.606829999999999
2011-05-02,143.747711,29.632595000000002,14.467683,48.14452,33.363258,6.788867999999999,13.138525
2011-05-03,144.348892,29.454849,14.327782000000001,47.513702,33.152275,6.8403,13.216574
2011-05-04,142.470154,29.471783000000002,14.377151000000001,47.168858,32.33585,6.7315,13.086492999999999
2011-05-05,140.666519,29.641066,14.385385999999999,47.210910999999996,31.803801,6.629745,12.973753
2011-05-06,141.656204,29.818813000000002,14.451223,47.58099,31.987263000000002,6.606261999999999,13.207903
2011-05-09,141.83235200000001,29.911917,14.484144,47.656689,32.289989,6.5827800000000005,13.043128999999999
2011-05-10,142.90596000000002,30.013485,14.640509,47.866966,32.675266,6.841082000000001,13.060474000000001
2011-05-11,142.167847,29.539496999999997,14.632275,47.597813,32.088181,6.754982000000001,12.939062
2011-05-12,144.466019,29.903446000000002,13.932757,48.228634,32.776173,6.778463,13.086492999999999
2011-05-13,142.520126,29.776482,13.891608999999999,48.043591,32.280811,6.6845360000000005,12.834994
2011-05-16,141.631073,29.547954999999998,13.661176000000001,47.690334,31.354307000000002,6.739327,12.592169
2011-05-17,143.006607,29.150146000000003,13.694096,47.395947,31.134161,6.700191,12.410052
2011-05-18,142.956268,29.776482,13.702323999999999,47.480064,31.106640000000002,6.7236720000000005,12.574825
2011-05-19,143.082062,29.598746999999996,13.710557000000001,48.194988,31.647863,6.692363,12.427397000000001
2011-05-20,142.721405,29.624136,13.603570999999999,48.262271999999996,31.436863,6.504508,12.219259
2011-05-23,141.127777,28.989334000000003,13.45544,47.421184999999994,30.418634,6.34796,11.959095
2011-05-24,140.901321,28.845449,13.389601,47.362301,30.308560999999997,6.363616,11.889714
2011-05-25,140.700058,29.014721,13.323766,48.117973,30.262695,6.387097,12.019799
2011-05-26,140.221954,29.048578000000003,13.373141,48.269939,30.638797999999998,6.332306,11.829008
2011-05-27,140.490341,29.387135999999998,13.545962,48.421928,30.914009000000004,6.418406,11.715602
2011-05-31,141.689774,29.878054,13.825771,49.468891,31.391009999999998,5.494782,12.020925
2011-06-01,139.70192,28.735411,13.480125,48.253067,30.161783000000003,5.23648,11.410281
2011-06-02,139.30770900000002,28.980867,13.373141,48.801876,30.01502,5.1425529999999995,11.471346
2011-06-03,138.435425,28.354527,13.175628,48.160187,29.657253000000004,5.212998000000001,11.305602
2011-06-06,138.183777,28.202175,13.159173000000001,47.687355,29.528824,5.166034,11.244537
2011-06-07,137.294754,28.159855,12.76415,47.712696,29.207758000000002,5.119071,11.366666
2011-06-08,137.83992,27.652014,12.591327,47.535389,28.666535999999997,4.876423,11.104961
2011-06-09,138.25929299999999,27.85515,12.599556,47.172321000000004,29.015121,4.923388,11.148581
2011-06-10,136.866974,27.211885,12.443192,46.10004,28.602327000000002,4.923388,10.974108
2011-06-13,136.858566,26.864855,12.393816000000001,45.931168,29.015121,4.782496,10.886875
2011-06-14,137.655365,27.364237,12.410276,46.927475,29.427921,4.899906,11.078792
2011-06-15,136.15403700000002,26.7379,12.212764,45.677868,28.583975,4.657259,10.965388
2011-06-16,136.439194,26.509371,12.385589999999999,44.740691999999996,28.253738000000002,4.649431,10.878153
2011-06-17,137.923798,26.441658,12.319751,44.487381,28.602327000000002,4.7120489999999995,10.825808
2011-06-20,138.410233,26.475512,12.459653,45.154392,29.271971,4.5789860000000004,10.834536
2011-06-21,139.41676299999997,27.110313,12.76415,45.956497,29.950794000000002,4.74336,11.061345
2011-06-22,138.963776,26.864855,12.640703,45.585007,29.538,4.727705,10.974108
2011-06-23,139.332886,27.186493,12.731233999999999,46.40398,29.776503,4.7120489999999995,11.131133
2011-06-24,138.452225,26.687113,12.286833999999999,45.753853,28.565632,4.602467,10.817088
2011-06-27,140.59098799999998,26.864855,12.385589999999999,46.226688,28.969255,4.727705,11.043896
2011-06-28,142.59561200000002,27.067992999999998,12.451422,46.817715,29.666426,4.782496,11.087514
2011-06-29,143.040115,26.983355,12.624248,46.800823,29.748983000000003,4.954697,11.052621
2011-06-30,143.887329,27.787439000000003,12.846442999999999,47.9491,30.189303999999996,5.025143,11.349217999999999
2011-07-01,146.395126,28.371465999999998,13.052186,48.869419,30.317726,5.025143,11.593473
2011-07-05,147.141647,27.863611,12.944795,49.088936,30.326898999999997,4.946869,11.419005
2011-07-06,149.05397,27.804361,12.853925,49.561768,30.464503999999998,4.892078,11.37539
2011-07-07,148.022293,28.320671,13.134794,50.034572999999995,31.271751000000002,5.056451999999999,11.724329
2011-07-08,148.030701,27.829763,13.00262,50.119007,31.134161,4.868597,11.42773
2011-07-11,146.77261399999998,27.457335999999998,12.746535,49.173378,30.454128000000004,4.665086,11.323047
2011-07-12,145.984161,26.450125,12.886969,47.721134,29.957890999999996,4.539848999999999,11.026451
2011-07-13,146.210632,26.238518,12.862184,47.358074,30.040594,4.438094,10.851982000000001
2011-07-14,146.13511699999998,26.001526000000002,12.746535,46.370216,29.452465000000004,4.336338,10.703683999999999
2011-07-15,147.233887,26.086166,12.87871,46.40398,29.489223,4.336338,10.860702999999999
2011-07-18,147.01580800000002,25.798388,12.754795,46.674171,28.937851000000002,4.242411,10.729852000000001
2011-07-19,155.344559,26.594007,12.936534,48.10952,29.994652000000002,4.351992,11.043896
2011-07-20,154.036163,26.42473,13.068708,48.379711,29.480036,4.532022,11.070067
2011-07-21,155.084595,26.754824,13.506535999999999,48.075748,29.838428000000004,4.798151,11.279428999999999
2011-07-22,155.319412,26.898715999999997,13.597403,48.514804999999996,29.911945000000003,4.586812,11.471346
2011-07-25,154.078079,26.636332,13.448711,47.965984000000006,29.599498999999998,4.4772300000000005,11.42773
2011-07-26,153.43222,26.72097,13.456971,47.738021999999994,29.544365000000003,4.610294000000001,11.42773
2011-07-27,152.10701,25.722212,12.961316,46.091599,28.221071000000002,4.485057,11.026451
2011-07-28,152.484482,25.603209,13.225665,46.429325,28.184315,4.469403,10.886875
2011-07-29,152.526413,25.288691,13.192619,46.252007,28.101601000000002,4.539848999999999,10.747302000000001
2011-08-01,151.60379,25.407698,13.076969,45.694763,27.669696999999996,4.344165,10.756022
2011-08-02,149.339111,24.736166,12.771317999999999,44.757557,27.155081,4.179792,10.537936
2011-08-03,149.993393,24.906174,12.796101,45.365479,27.743212,4.242411,10.651342999999999
2011-08-04,143.828613,23.733124,12.24262,43.271549,26.539385,3.9293169999999997,10.01453
2011-08-05,145.08673100000001,23.112585,12.341749,43.077362,26.05234,4.109344999999999,9.979636
2011-08-08,140.02389499999998,22.262547,11.515661999999999,39.92804,23.911177,3.8197349999999997,9.674315
2011-08-09,143.72203100000002,23.027582000000002,11.614792999999999,42.123276000000004,25.363127,4.070208999999999,9.979636
2011-08-10,136.92382800000001,22.526066,11.342185,39.902706,24.333897,3.8197349999999997,9.813891
2011-08-11,140.453522,23.206095,13.151319,41.836208,25.455019,3.991936,10.223892
2011-08-12,141.69181799999998,23.10409,13.209142000000002,42.638313000000004,25.170145,4.195446,10.119211
2011-08-15,145.726868,23.367603,13.242187,43.279999,25.399878,4.923388,10.354746
2011-08-16,144.252701,22.891579,13.217405,43.119578999999995,25.335554000000002,4.766841,10.189
2011-08-17,144.45486499999998,22.891579,13.093492,43.068923999999996,25.243660000000002,4.641603,10.136658
2011-08-18,138.010529,21.582518,12.399577,40.485294,23.148447,4.492885,9.58708
2011-08-19,132.711807,21.097994,12.457403,39.277901,22.771679000000002,4.539848999999999,9.438781
2011-08-22,133.92486599999998,21.387007,12.399577,39.176586,23.028978,4.602467,9.473676
2011-08-23,138.423294,22.305054000000002,12.754795,40.578159,24.076593,4.782496,9.979636
2011-08-24,140.47876000000002,22.194548,12.771317999999999,40.650249,24.517685,4.74336,9.909849000000001
2011-08-25,139.48474099999999,21.514517,12.457403,39.819099,23.800901,4.610294000000001,9.430058
2011-08-26,142.483688,21.693023999999998,12.655664,41.506851,24.490118,4.633776,9.648145
2011-08-29,145.415222,22.237047,13.00262,43.186127,25.647999,4.837286,10.008411
2011-08-30,145.32251000000002,22.271051,12.911750999999999,43.457522999999995,25.611238,5.040797,10.034772
2011-08-31,144.817139,22.279547,12.944795,43.644115,25.795033,5.040797,9.946900999999999
2011-09-01,143.48613,21.735525,13.068708,43.304867,25.583673,5.1895169999999995,9.718439
2011-09-02,140.664063,21.319005999999998,12.730013,42.134468,24.784185,4.962524,9.525127000000001
2011-09-06,139.088806,21.174498,12.62262,41.939392,24.343092000000002,4.805978,9.375748
2011-09-07,140.942093,22.007538,13.118275,43.839172,25.390694,5.001661,9.744799
2011-09-08,139.206726,21.931032000000002,13.456971,43.720428000000005,24.554447,4.962524,9.533914
2011-09-09,135.938187,22.169044,13.068708,42.74511,23.892794,4.68074,9.428467999999999
2011-09-12,136.82273899999998,22.339054,13.291754000000001,43.584736,24.582014,4.59464,9.542701
2011-09-13,137.673599,22.653564000000003,13.506535999999999,44.373489,25.473398,4.59464,9.683292999999999
2011-09-14,140.883102,23.180593,13.490012,45.009575,25.868546,4.74336,9.885394
2011-09-15,143.283951,23.554609,13.770883,45.484524,26.603709999999996,4.899906,10.254448
2011-09-16,145.726868,23.648113000000002,13.729576999999999,45.688076,26.861019,4.719876999999999,10.166578999999999
2011-09-19,145.844864,23.546112,13.638712,45.518448,26.668043,4.59464,9.867821000000001
2011-09-20,147.18426499999998,23.410107,13.655231,45.043507,26.05234,4.610294000000001,9.779949
2011-09-21,145.752197,22.849079,13.085228,43.813728000000005,27.145889,4.35982,9.533914
2011-09-22,142.045624,22.296549,12.663924,42.431301,26.04315,4.1171739999999994,9.103349
2011-09-23,142.652161,23.138082999999998,12.895228999999999,42.651817,26.557765999999997,4.101518,9.305452
2011-09-26,147.00735500000002,23.291098,13.209142000000002,42.897774,27.302113000000002,4.281547,9.120922
2011-09-27,149.70306399999998,23.826622,13.275229999999999,43.915508,27.688076000000002,4.406785,9.481191
2011-09-28,149.568253,23.231596,13.085228,43.304867,27.063189,4.344165,9.323024
2011-09-29,150.932953,23.112585,13.093492,42.516113,27.246979,4.5163660000000005,9.331812
2011-09-30,147.31059299999998,22.653564000000003,12.80436,41.243938,26.410728000000002,4.430265,9.103349
2011-10-03,145.97966,22.492064000000003,12.548273,40.412781,25.675568,4.258065,8.655211
2011-10-04,147.20114099999998,23.163593,12.921486999999999,41.922424,26.364784000000004,4.218928,9.024264
2011-10-05,148.978592,23.97113,13.402514000000002,43.05891,27.118326,4.367648,9.305452
2011-10-06,153.055771,24.073135,13.891845000000002,43.143723,27.632935999999997,4.633776,9.446043
2011-10-07,153.645493,24.608658,13.817201,42.600925,27.540855,4.5711580000000005,9.410894
2011-10-10,157.208832,25.339693,14.173823,44.178416999999996,28.516901,4.845114,9.674502
2011-10-11,155.844131,25.178185,14.090892000000002,43.805252,28.480065999999997,4.837286,9.648144
2011-10-12,156.78765900000002,25.246189,14.306523,44.136016999999995,28.645816999999997,4.978179,9.929328
2011-10-13,157.377319,25.841223,14.447517999999999,45.213131,28.673429,4.923388,10.175364
2011-10-14,160.502609,26.291739,14.555330999999999,46.629482,29.327198,4.962524,10.192938999999999
2011-10-17,157.183594,25.679712,14.240176000000002,45.493010999999996,28.756306,4.696395,10.008411
2011-10-18,150.70549,26.257738,14.522155,46.273272999999996,29.354815999999996,4.766841,10.24566
2011-10-19,149.433487,25.713708999999998,14.231881,44.610958000000004,28.995707,4.790323,10.087494
2011-10-20,149.315567,25.458698000000002,14.25676,44.110569,29.032543,5.087761,9.955691
2011-10-21,153.00528,25.892225,14.414341,44.119049,29.575808000000002,5.173862000000001,10.272025
2011-10-24,153.52754199999998,26.937766999999997,14.547039000000002,45.467566999999995,30.266401000000002,5.291272,10.482911
2011-10-25,151.935379,26.325737,14.613387,44.373489,29.806003999999998,5.252135,10.333533000000001
2011-10-26,153.29165600000002,26.351242,14.605095,43.762848,29.833632,5.299099,10.403830000000001
2011-10-27,156.585464,27.197423999999998,15.293467000000001,45.391232,30.993824,5.721775,11.018917
2011-10-28,157.908051,26.923911999999998,15.392989000000002,45.145271,31.021454,5.620019,11.089217
2011-10-31,155.532471,26.265772,15.368110999999999,43.762848,30.17432,5.267789,10.825600999999999
2011-11-01,152.769394,25.52216,14.588501999999998,42.524597,29.179866999999998,4.939042,10.474125
2011-11-02,154.934372,25.6931,14.804143,44.254753,29.723128999999997,5.072107,10.579566999999999
2011-11-03,157.781677,26.599113,15.077832,47.587849,30.487396,5.361718,10.860750999999999
2011-11-04,157.006699,27.17178,14.953423999999998,47.918617,29.97175,5.220826000000001,10.913475
2011-11-07,157.79853799999998,26.949551,14.936842,48.274817999999996,30.266401000000002,5.330408,10.904685
2011-11-08,158.373642,26.966648,15.185651000000002,48.368118,30.947794000000002,5.338236,11.10679
2011-11-09,154.136246,25.906784,14.605095,46.994175,29.087788,4.993834,10.667437
2011-11-10,155.075089,26.163198,15.434451999999999,46.824554,29.216702,5.048624,10.764097
2011-11-11,158.483627,26.923911999999998,15.774492,48.020396999999996,29.806003999999998,5.2834449999999995,11.185869
2011-11-14,158.45823700000003,26.633305,15.708148000000001,48.42749,29.741553999999997,5.119071,11.018917
2011-11-15,159.642319,26.624754,15.857432000000001,48.681927,30.34927,5.15038,11.10679
2011-11-16,157.84080500000002,26.889719,15.592034,48.240906,29.456103999999996,5.134726000000001,10.957410000000001
2011-11-17,157.088074,25.975164000000003,15.326645000000001,47.816845,28.378782,5.087761,10.131432
2011-11-18,156.67363,25.684547,15.276879000000001,47.21468,28.176208000000003,5.095589,9.867821000000001
2011-11-21,153.493484,24.97513,14.928548000000001,46.205760999999995,27.540855,4.7120489999999995,9.637719
2011-11-22,153.34967,24.522126999999998,14.862195999999999,46.384555999999996,27.44878,4.351992,9.354515
2011-11-23,150.507828,23.881083,14.439219,44.298611,26.702935999999998,4.281547,9.035914
2011-11-25,149.755096,23.752869,14.513866,44.153877,26.463533,4.140655000000001,8.991664
2011-11-28,154.11087,24.530676,14.936842,45.924793,27.50403,4.391129,9.204062
2011-11-29,153.036743,24.479387,14.663151999999998,45.218136,27.384327000000003,4.305029,9.071311999999999
2011-11-30,159.00796499999998,25.727295,15.459337,46.657013,28.866795,4.532022,9.540366
2011-12-01,160.23439,25.821308,15.409576000000001,46.597412,29.161446,4.438094,9.531517
2011-12-02,160.412003,25.616177,15.384696,46.265366,28.728679999999997,4.398957,9.584617
2011-12-05,161.410034,25.838406,15.583741,46.393074,29.373234000000004,4.2032739999999995,9.726219
2011-12-06,163.186172,26.000801,15.533982,46.682549,29.216702,4.234583,9.81472
2011-12-07,164.125015,26.214487,15.749610999999998,46.359013,29.041742,4.171964,9.956323
2011-12-08,162.035889,25.573441,15.401282,46.035484000000004,28.305113000000002,3.9136629999999997,9.655419
2011-12-09,164.556351,25.590533999999998,15.658387,46.980540999999995,29.179866999999998,4.0389,9.912068
2011-12-12,162.543396,24.898209,15.368110999999999,46.639977,28.839170000000003,3.8823529999999997,9.310266
2011-12-13,161.672226,24.282803,15.318347,46.137646000000004,28.387983000000002,3.9058349999999997,9.292563000000001
2011-12-14,159.616959,23.966555,14.911956,45.209621000000006,27.50403,3.9293169999999997,9.142114999999999
2011-12-15,158.56819199999998,24.368273000000002,14.961723999999998,44.741356,26.730559999999997,3.8040800000000004,9.01821
2011-12-16,155.261169,24.522126999999998,14.878782000000001,44.792435,26.896307,3.663188,9.142114999999999
2011-12-19,154.686005,23.889631,14.671442,44.20496,26.343834,3.530124,8.965114
2011-12-20,158.365204,25.120434,15.268582,46.069546,26.859471999999997,3.7571160000000003,9.221766
2011-12-21,153.485001,24.411015,14.862195999999999,45.541672,23.728785000000002,3.7962519999999995,9.027061
2011-12-22,153.967117,25.214454999999997,15.036361,46.299423,23.655123,3.8745260000000004,9.319116000000001
2011-12-23,156.259186,25.411041,15.318347,46.512271999999996,23.995811,3.8510440000000004,9.575766999999999
2011-12-27,156.428329,25.325567000000003,15.409576000000001,46.716614,23.599871,3.7414620000000003,9.584617
2011-12-28,155.616425,24.84692,15.061245000000001,46.265366,23.48938,3.710152,9.398767
2011-12-29,157.468658,25.077696,15.135888000000001,46.699585,23.756407,3.7336339999999995,9.451867
2011-12-30,155.523346,24.881114999999998,14.994895999999999,46.571873,23.618288,3.772771,9.478415
2012-01-03,157.570175,25.436689,15.502492000000002,47.057175,23.811651,4.023244999999999,9.469567
2012-01-04,156.927368,25.274283999999998,15.802059,47.533958,23.949778,3.9762809999999997,9.522667
2012-01-05,156.183075,25.453787,15.743808,47.72979,24.483831,4.234583,9.584617
2012-01-06,154.389999,25.453787,15.685563,47.814921999999996,24.7969,4.101518,9.74392
2012-01-09,153.586502,25.778574,15.785413,47.602077,24.944558999999998,4.093691000000001,10.035969999999999
2012-01-10,153.34967,26.214487,15.668921,47.465839,24.889187,4.218928,10.266074
2012-01-11,154.203934,26.265772,15.868625,47.35516,24.815357000000002,4.164137,10.363421
2012-01-12,152.706894,26.812797999999997,15.935201999999999,47.959656,25.073753,4.1563099999999995,10.443073
2012-01-13,151.53125,26.453812,15.860306,48.138453999999996,25.230642,4.078037,10.177571
2012-01-17,152.241653,26.556377,16.068336,48.6493,25.525953,4.414611,10.425372
2012-01-18,153.146683,28.821413,16.259722,49.032433000000005,26.153485999999997,4.438094,10.726275
2012-01-19,152.68151899999998,28.906878999999996,16.467758,49.381504,26.356516,4.50854,10.894426
2012-01-20,159.447815,28.753033000000002,16.575941,49.151627000000005,26.494944,4.391129,11.03603
2012-01-23,160.682663,28.368396999999998,16.501038,49.50922,26.199627,4.485057,10.814775
2012-01-24,162.33194,27.795731,16.492722,49.960457,26.310371000000004,4.125,10.894426
2012-01-25,162.162781,28.035057000000002,16.501038,50.224396,26.310371000000004,4.125,10.938676
2012-01-26,161.528412,27.658981,16.501038,49.219742,26.107347,4.226755000000001,10.974076
2012-01-27,161.08863799999997,28.019857000000002,16.276365,49.202713,26.227320000000002,3.9762809999999997,10.823625999999999
2012-01-30,162.814041,27.650381,16.276365,49.917891999999995,26.393431,3.9528,10.673175
2012-01-31,162.898621,27.822231,16.351259,50.079662,26.033514,3.944972,10.867875999999999
2012-02-01,162.915527,28.234674,16.47608,50.709702,26.651829,3.991936,11.12453
2012-02-02,161.993652,28.406513,16.47608,51.705841,26.587227000000002,3.9293169999999997,11.18648
2012-02-03,163.77829,29.154057,16.717394,51.986809,26.864082,4.00759,11.319228
2012-02-06,163.084686,28.879093,16.800606,51.995315999999995,26.762569,3.944972,11.159927
2012-02-07,163.532974,28.724434000000002,16.808928,52.403988,26.716425,4.015418,11.274979
2012-02-08,163.830124,29.085314,17.000319,52.335888,26.513396999999998,4.078037,11.50508
2012-02-09,163.98294099999998,29.042358,16.642504000000002,52.736045999999995,26.661053000000003,3.968454,11.602432
2012-02-10,163.38011200000003,28.664285999999997,16.559294,52.55724300000001,26.301146000000003,3.8823529999999997,11.46083
2012-02-13,163.549957,28.578362,16.667469,52.565768999999996,26.236546,3.991936,11.44313
2012-02-14,163.210342,28.543993,16.700751999999998,52.540215,26.061201,4.015418,11.390027
2012-02-15,163.235779,28.707251,16.567614000000003,52.42955,25.821264000000003,3.991936,11.416577
2012-02-16,163.889603,29.136865999999998,16.800606,53.016998,26.716425,4.078037,11.690932
2012-02-17,164.229233,28.861912,16.883823,53.229862,26.568771,4.2972019999999995,11.49623
2012-02-21,164.20372,28.595543,16.94207,53.451229000000005,26.522629,4.367648,11.318131
2012-02-22,164.611267,28.320589000000002,16.742359,53.255393999999995,26.347284000000002,4.351992,11.487328
2012-02-23,167.78686499999998,28.629917,16.833893,54.072745999999995,26.587227000000002,4.336338,11.344847
2012-02-24,167.91421499999998,28.629917,16.759001,54.013153,26.99328,4.539848999999999,11.246893
2012-02-27,167.71888700000002,28.449474,16.783964,53.902469999999994,27.002504,4.258065,11.157844
2012-02-28,168.101013,28.973614,16.808928,53.366085,27.122475,4.2032739999999995,11.184559
2012-02-29,167.03968799999998,28.655699,16.542645999999998,53.122597,26.99328,4.140655000000001,10.908506
2012-03-01,167.71888700000002,28.501028,16.542645999999998,53.48996700000001,27.528528,4.140655000000001,10.899602
2012-03-02,168.805756,28.200290999999996,16.442797,53.336185,27.6485,4.093691000000001,10.881793
2012-03-05,170.376541,27.658978,16.309656,53.06278199999999,27.906896999999997,4.046727,10.7126
2012-03-06,167.489655,27.598825,16.209799,52.592918000000004,27.630041,3.8823529999999997,10.694789
2012-03-07,167.92271399999998,28.054228000000002,16.151548000000002,53.58395,27.888443,3.9606260000000004,10.774935000000001
2012-03-08,169.65481599999998,28.011263,16.376226000000003,54.096534999999996,27.750009999999996,3.9762809999999997,10.855077
2012-03-09,170.34260600000002,27.727711,16.47608,54.617691,27.805386,3.9606260000000004,11.015366
2012-03-12,170.665222,27.418390000000002,16.501038,54.549339,27.417786,3.9136629999999997,11.024268
2012-03-13,173.02569599999998,27.744898,16.825573000000002,55.403682999999994,27.805386,3.9528,11.131131
2012-03-14,173.823853,27.504310999999998,16.808928,55.62580500000001,27.537755999999998,3.8666989999999997,11.166748
2012-03-15,174.91061399999998,28.165926000000002,16.567614000000003,55.711231000000005,27.740788000000002,4.085864,11.389371
2012-03-16,174.919128,28.372139,16.667469,55.882107,27.445477,4.171964,11.416087
2012-03-19,174.672897,29.076728999999997,16.759001,57.026897,27.463928000000003,4.226755000000001,11.424991
2012-03-20,173.42477399999999,28.853329,17.116812,57.026897,27.777699,4.242411,11.318131
2012-03-21,173.798325,28.879093,17.058564999999998,56.753525,27.140934,4.171964,11.327039
2012-03-22,174.477631,28.724434000000002,16.958706,56.633915,26.421112,4.109344999999999,11.264700999999999
2012-03-23,174.469101,28.655699,17.083534,56.96711,26.347284000000002,4.140655000000001,11.300322
2012-03-26,176.413498,29.205612,17.341494,58.598895999999996,26.910221000000003,4.179792,11.540757000000001
2012-03-27,175.912567,29.102501,17.399735999999997,58.513462,27.085562,4.2032739999999995,11.416087
2012-03-28,176.005997,28.638512,17.541201,58.197361,27.094795,4.336338,11.09551
2012-03-29,176.83805800000002,28.518215,17.499596,58.035033999999996,27.039419,4.242411,11.113319
2012-03-30,177.16069,28.879093,17.599449,58.146088,26.910221000000003,4.2972019999999995,11.086606
2012-04-02,177.856949,28.578362,17.63273,58.36821,27.251675,4.281547,11.131131
2012-04-03,177.882431,28.011263,17.390503,58.205902,27.122475,4.1563099999999995,10.899602
2012-04-04,174.95311,27.633197999999997,17.006270999999998,57.573696,26.910221000000003,3.968454,10.739314
2012-04-05,174.460632,27.890963,16.889333999999998,57.402817000000006,27.279358000000002,3.9997629999999997,10.7126
2012-04-09,174.01062,27.616014,16.672161,56.813316,26.826244,4.023244999999999,10.561214
2012-04-10,171.794525,27.229357,16.329695,56.574135,26.215929,3.9371449999999997,10.463263000000001
2012-04-11,172.006775,27.487125,16.722281,56.574135,26.021732,3.3187849999999997,10.614646
2012-04-12,174.333221,27.933929,16.755689999999998,58.376778,26.539581,3.3109589999999995,10.748219
2012-04-13,172.193573,27.650381,16.580282,56.958580000000005,26.410118,3.146585,10.507786
2012-04-16,172.125626,27.66757,16.480047,56.599739,26.484095,3.2013759999999998,10.561214
2012-04-17,176.14181499999998,28.165926000000002,16.7724,57.437012,27.075924,3.1778939999999998,10.7126
2012-04-18,169.926544,28.114376,16.755689999999998,57.231949,26.937209999999997,3.1074479999999998,10.552313999999999
2012-04-19,169.40007,28.045633000000002,16.630395999999998,53.447247,26.826244,2.990038,10.570117999999999
2012-04-20,169.476517,27.899565000000003,16.630395999999998,53.182404000000005,26.706034000000002,2.896111,10.481073
2012-04-23,168.644424,27.401201,16.438288,52.592918000000004,26.336143,2.856974,10.311879
2012-04-24,169.816116,26.945803,16.221113,52.849224,26.530331,2.841319,10.231733
2012-04-25,172.84741200000002,27.469942,16.279585,54.045277,26.696785,2.935247,10.365312
2012-04-26,174.554001,27.599520000000002,16.37146,54.600609,26.835493,2.864801,10.632456
2012-04-27,175.598419,27.789558000000003,16.688869,54.831264000000004,27.038937,2.8726279999999997,10.7126
2012-04-30,175.827637,27.590881,16.839218,54.532249,27.186888,2.856974,10.676978
2012-05-01,176.608826,27.513126,16.688869,54.36993399999999,27.344093,2.880456,10.561214
2012-05-02,176.659698,27.720453000000003,16.571928,54.882526,27.473551,2.802182,10.516693
2012-05-03,175.96353100000002,27.11577,16.471693,54.293037,27.168385999999998,2.770873,10.267352
2012-05-04,174.053085,26.424702000000003,15.970529999999998,52.891926,26.271418,2.655385,10.044733
2012-05-07,173.000198,26.441978000000002,15.937114000000001,52.900470999999996,25.818298000000002,2.705964,9.964584
2012-05-08,171.78945900000002,26.459251000000002,15.628063000000001,53.541225,25.827545,2.773402,9.93787
2012-05-09,171.576294,26.433335999999997,15.686529,52.977352,25.688835,2.655385,9.866633
2012-05-10,171.03913899999998,26.588833,14.041032999999999,53.378887,24.986044,2.7312529999999997,9.848823
2012-05-11,171.52513100000002,26.554278999999998,13.790451000000001,52.849224,24.96755,2.697534,9.777585
2012-05-14,170.050095,26.459251000000002,13.957509,52.507473,24.930564999999998,2.571087,9.750871
2012-05-15,169.70898400000002,26.165551999999998,13.815509,52.490382999999994,25.023035,2.43621,9.626201
2012-05-16,170.297333,25.880484,13.940802,50.499783,24.708624,2.3603419999999997,9.492626
2012-05-17,168.7285,25.353548,13.823858999999999,48.833832,24.27401,2.3603419999999997,9.33234
2012-05-18,167.014725,24.817972,13.757041000000001,47.825714000000005,23.682184,2.402491,9.225479
2012-05-21,168.617615,25.465849,13.924094,48.885094,24.283253,2.545798,9.492626
2012-05-22,167.816193,25.362182999999998,13.974213,49.49168,24.375723,2.427781,9.465686
2012-05-23,167.219315,25.172138,13.940802,49.671096999999996,24.671642000000002,2.301334,9.582434
2012-05-24,167.19371,24.956179000000002,13.690218,48.825287,24.153791000000002,2.309764,9.321996
2012-05-25,165.667526,24.999376,13.640099,48.970528,24.172287,2.377202,9.465686
2012-05-29,167.509232,25.362182999999998,13.857270999999999,49.884659,24.468197,2.486789,9.618358
2012-05-30,165.863632,25.008015,13.690218,49.292640999999996,24.200031,2.309764,9.393839
2012-05-31,164.47378500000002,24.602007,13.640099,49.172523,24.477448000000003,2.250755,9.27709
2012-06-01,161.216751,23.323535999999997,13.331048000000001,47.293471999999994,24.04283,2.225466,8.989704
