Date,AAPL,GOOG,MSFT,GS,INTC,MS,BAC,C
2009-01-02,11.621618,159.621811,16.140903,77.18557,11.336502000000001,14.967666,13.347557,69.102325
2009-01-05,12.112095,162.965073,16.291746,78.982674,11.120214,15.522675,13.021554,68.521614
2009-01-06,11.912321,165.95065300000002,16.482298,78.92041,11.463295,17.249369,13.300982999999999,72.199341
2009-01-07,11.654917,159.964584,15.489867000000002,75.17495699999999,10.769680000000001,15.945538,12.770061,69.199097
2009-01-08,11.871339,161.54431200000002,15.974172,75.984566,10.851721000000001,16.579836,12.611717,69.29588299999999
2009-01-09,11.599847,156.517014,15.497801999999998,74.65898100000001,10.553392,16.791262,12.099426,65.327835
2009-01-12,11.353971000000001,155.334702,15.458109,69.09871700000001,10.284894,16.553404,10.646379,54.197891000000006
2009-01-13,11.232311,156.144424,15.735989000000002,69.321106,10.195395,16.615070000000003,9.919853999999999,57.10136
2009-01-14,10.927524,149.512558,15.156405,67.33721899999999,9.755361,15.143857999999998,9.500701,43.842224
2009-01-15,10.677802999999999,148.528961,15.275502,65.68246500000001,9.911984,14.324554999999998,7.749591000000001,37.067493
2009-01-16,10.543339,148.86676,15.648651999999998,64.988564,10.247603999999999,13.734306,6.687749,33.873684000000004
2009-01-20,10.014443,140.46144099999998,14.672101000000001,52.666977,9.591280000000001,11.540693,4.75035,27.098946
2009-01-21,10.607369,150.560745,15.386651,62.186161,9.889608,14.853139,6.222028,35.51897
2009-01-22,11.315552,152.259705,13.584398,63.191456,9.561442999999999,15.487432,5.318531,30.099192
2009-01-23,11.315552,161.300888,13.655854000000001,66.643295,9.785193,16.482935,5.812195,33.583346999999996
2009-01-26,11.47947,160.88858000000002,13.997245999999999,66.011635,9.979108,16.808887,5.588649,32.228394
2009-01-27,11.619056,164.668991,14.021067000000002,69.623611,10.299809,17.434376,6.05437,34.357597
2009-01-28,12.063432,173.20845,14.322764000000001,78.02188100000001,10.448977000000001,20.542557000000002,6.883352,40.745216
2009-01-29,11.90976,170.550735,13.965489999999999,73.59142299999999,9.97165,19.095642,6.315173000000001,37.834839
2009-01-30,11.542222,168.17120400000002,13.57646,71.821045,9.621111,18.068506,6.1288849999999995,34.4394
2009-02-02,11.718946,169.184616,14.156037,74.347603,10.165564,18.577606,5.588649,35.409515
2009-02-03,11.907197,169.125,14.687979,73.671494,10.240145,18.702658,4.936641000000001,33.566296
2009-02-04,11.980193,170.39176899999998,14.791193,78.262062,10.45866,19.658333,4.377775,33.85733
2009-02-05,12.352853999999999,175.71713300000002,15.116713,82.603531,10.737458,20.712255,4.508175,34.24538
2009-02-06,12.770334,184.44039899999999,15.608954,85.913002,11.099138,20.426441,5.709735,37.931843
2009-02-09,13.127626000000001,188.161194,15.434288,87.08731800000001,11.234774,21.087378,6.417633,38.319897
2009-02-10,12.528299,178.09664899999999,14.926160000000001,80.423889,10.609363,18.568684,5.178816,32.499153
2009-02-11,12.398954,177.863174,15.251676999999999,84.258255,10.609363,20.462164,5.65385,35.797573
2009-02-12,12.712705999999999,180.35199,15.291378,85.032265,10.549081,20.533621,5.467562,35.021473
2009-02-13,12.698623,177.684341,15.156405,85.806252,10.45866,20.480032,5.188129,33.85733
2009-02-17,12.105692999999999,170.22287,14.460941,76.25145699999999,9.953812,17.648733,4.564063,29.685795000000002
2009-02-18,12.085203,175.41409299999998,14.484921,75.17495699999999,10.066839,18.023857,4.256688,28.230602
2009-02-19,11.607531,170.212936,14.317051999999999,76.518341,9.554454,17.800564,3.660565,24.350107
2009-02-20,11.679247,172.10562099999999,14.388995999999999,75.665894,9.629805000000001,17.353991,3.530163,18.917419
2009-02-23,11.134986,163.96357700000002,13.757479,71.622765,9.102352,16.809164000000003,3.641936,20.760653
2009-02-24,11.557591,171.608856,13.7255,83.170753,9.592131,19.711920000000003,4.405719,25.223225
2009-02-25,11.674125,169.716156,13.557635000000001,80.433578,9.818182,19.43504,4.806237,24.447123
2009-02-26,11.421844,167.500565,13.125959,82.428314,9.577060000000001,19.050987,4.955268,23.865053
2009-02-27,11.437211,167.902954,12.910125,81.471199,9.599667,17.45224,3.6791940000000003,14.551860999999999
2009-03-02,11.261766999999999,162.522949,12.622346,77.168655,9.275659,16.032122,3.381133,11.641489
2009-03-03,11.316833,161.68837,12.694289999999999,73.680099,9.253051,16.237551,3.3997610000000003,11.835512
2009-03-04,11.675406,158.429565,12.886147,76.453049,9.614733,17.327196,3.3530620000000004,10.962402
2009-03-05,11.377021000000001,151.832474,12.206665,73.098679,9.275659,16.058918,2.9607810000000003,9.895263
2009-03-06,10.923683,153.28801,12.214655,67.669037,9.351008,15.3444,2.932761,9.992279
2009-03-09,10.643225,144.50512700000002,12.110738000000001,66.148384,9.4565,14.719184,3.502502,10.186304
2009-03-10,11.350128,153.089294,13.173923,76.283096,10.488800999999999,18.613335,4.473863,14.066798
2009-03-11,11.868780000000001,157.927826,13.677542,82.64302099999999,10.518943,20.104908,4.604622,14.939907999999999
2009-03-12,12.338767,160.719681,13.597601000000001,86.99026500000001,10.940906,21.596478,5.463902,16.201069
2009-03-13,12.284981,161.16180400000002,13.309825,88.376778,11.076536,22.712917,5.379842,17.268206
2009-03-16,12.219669,158.812088,12.990067,83.99369,10.737458,20.578279000000002,5.772121,22.603888
2009-03-17,12.762652000000001,166.586517,13.509665,88.54673000000001,11.227238,21.266006,5.856180999999999,24.350107
2009-03-18,13.000848,165.473755,13.557635000000001,94.146294,11.483431,21.605404,7.163784,29.879815999999998
2009-03-19,13.013653,163.903961,13.701517,88.824005,11.415613,18.791973000000002,6.472624,25.223225
2009-03-20,13.009811000000001,164.01324499999998,13.637570000000002,87.052902,11.038859,18.077444,5.781462,25.417248
2009-03-23,13.787147000000001,173.173676,14.65279,100.121567,11.694410000000001,21.819767000000002,7.285203,30.36488
2009-03-24,13.638594,172.463287,14.333035,98.93184699999999,11.302588,22.436045,6.743482000000001,29.200733000000003
2009-03-25,13.637314000000002,170.92330900000002,14.293071,101.033958,11.257377,23.141634,7.191802,28.61866
2009-03-26,14.070163,175.503525,15.052491,100.175247,11.920461,22.90941,7.079725,27.260487
2009-03-27,13.683418,172.726578,14.492914,96.67774200000001,11.619060000000001,21.748307999999998,6.855563,25.417248
2009-03-30,13.381192,170.237762,13.973310999999999,89.861649,11.091607000000002,19.765503,5.632022,22.409863
2009-03-31,13.461870999999999,172.90541100000002,14.68477,94.83506,11.32519,20.337124,6.369882,24.544134
2009-04-01,13.919051000000001,175.90094,15.436191,98.654579,11.32519,21.194554999999998,6.584703,25.999321
2009-04-02,14.433860999999998,180.078766,15.420207000000001,102.169975,11.830042,20.640801999999997,6.762161999999999,26.581394
2009-04-03,14.853905,183.69523600000002,14.988534,106.80349,12.018419,21.489294,7.098402,27.648531
2009-04-06,15.168937,182.930222,14.996531,104.34362800000001,11.950603,20.819430999999998,6.986324000000001,26.387377
2009-04-07,14.727122,178.166199,14.996531,103.83375500000001,11.641668,20.828363,6.874242,26.775425
2009-04-08,14.896162,179.830383,15.340269000000001,102.64407299999999,11.506035,20.265678,6.594044,26.193351999999997
2009-04-09,15.312363000000001,185.046448,15.723972,111.213371,12.041022,22.641468,8.919701,29.491770000000002
2009-04-13,15.3956,187.833328,15.660020000000001,116.419357,12.041022,24.016924,10.292686,36.864712
2009-04-14,15.151007,183.263046,15.468164000000002,102.966087,12.063627,21.140966,9.424066,38.90197
2009-04-15,15.065204000000001,188.52383400000002,15.052491,108.404655,11.769763000000001,20.944479,9.750964,38.513923999999996
2009-04-16,15.553120999999999,193.11398300000002,15.795917999999999,108.404655,11.973208999999999,21.408915,9.657567,38.90197
2009-04-17,15.805401999999999,194.852676,15.348260999999999,107.8769,11.754692,22.328863000000002,9.900406,35.409515
2009-04-20,15.431462,188.424484,14.876624,102.876648,11.302588,21.006994,7.490684,28.521643
2009-04-21,15.592818,189.50247199999998,15.164398,107.662231,11.573851,22.016257999999997,8.181844,31.432014000000002
2009-04-22,15.560803,190.689743,15.012519000000001,107.778488,11.807436000000001,20.042385,7.7148449999999995,31.52903
2009-04-23,16.058968,191.10206599999998,15.124433999999999,109.853752,11.701948,19.613668,8.237881,31.043962
2009-04-24,15.866874,193.486557,16.715216,108.50305900000001,11.769763000000001,19.613668,8.499406,30.946955
2009-04-27,15.973163000000001,191.727997,16.307529000000002,108.145241,11.513571,18.988466,8.331286,29.782804
2009-04-28,15.866874,190.61523400000002,15.931811999999999,107.93951399999999,11.340263,18.887220000000003,7.612102,28.036572999999997
2009-04-29,16.025667000000002,194.470154,16.187618,113.76271100000001,11.566314,20.670214,8.107123,30.267864000000003
2009-04-30,16.114029000000002,196.705612,16.195614000000003,114.943481,11.890324,21.180923,8.340624,29.588781
2009-05-01,16.294603,195.572983,16.179625,113.673271,11.912927,23.134155,8.125802,28.812683000000003
2009-05-04,16.913137,199.69120800000002,16.139664,120.006371,12.553407,24.209324,9.694922,31.043962
2009-05-05,16.995098000000002,200.192932,15.8199,120.93663799999999,12.279845,24.379564000000002,10.124564,32.111111
2009-05-06,16.968204,200.43138100000002,15.8199,124.532501,12.249452999999999,25.544332999999998,11.852463,37.446789
2009-05-07,16.527672,197.023544,15.444185000000001,119.621696,11.98349,24.316848999999998,12.618345,36.96172
2009-05-08,16.544319,202.34892299999998,15.524132,124.863495,11.618742999999998,25.266588,13.234786999999999,38.998981
2009-05-11,16.592980999999998,202.67181399999998,15.444185000000001,121.455421,11.679530999999999,23.358152,12.085967,37.446789
2009-05-12,15.933463,198.21579,15.899837,121.124496,11.557948,23.671743,11.450845,35.506535
2009-05-13,15.302117,193.51139799999999,15.787927,115.623283,11.497161,22.489048,10.283342999999999,33.081234
2009-05-14,15.74521,192.497986,16.035736,119.505424,11.808716,23.806141,10.563546,34.4394
2009-05-15,15.677337,193.739914,16.163639,120.221024,11.542753,23.411903,9.965783,33.760315000000006
2009-05-18,16.219044,197.137802,16.467403,128.047913,11.793517,25.338264000000002,10.955828,35.312511
2009-05-19,16.321489,198.15121499999998,16.33869,126.258896,11.892302,25.902727,10.507503999999999,36.573669
2009-05-20,16.119158,197.306717,16.395001999999998,122.045845,11.839108999999999,25.087387,10.731667999999999,35.797573
2009-05-21,15.902726999999999,196.968903,15.944501,123.005371,11.535153999999999,25.168022,10.656939999999999,36.088612
2009-05-22,15.687586999999999,195.478607,15.888193,122.278976,11.436369000000001,25.293460999999997,10.339387,35.603558
2009-05-26,16.747938,200.873505,16.362823000000002,127.390778,11.763117,26.001286999999998,10.255322,36.573669
2009-05-27,17.038643,201.469635,16.193892,125.561264,11.747921,25.63393,10.189944,35.894588
2009-05-28,17.297325,203.87399299999998,16.451315,129.722397,11.945497,26.368640999999997,10.554203999999999,35.603558
2009-05-29,17.392088,207.266922,16.805283,129.650681,11.945497,27.166058000000003,10.526183999999999,36.088612
2009-06-01,17.84543,211.901779,17.215559,129.43545500000002,12.538205,26.780783000000003,10.470145,35.797573
2009-06-02,17.863356,212.815842,17.215559,128.359329,12.302644,26.959982,10.656939999999999,34.051338
2009-06-03,18.050327,214.430344,17.48103,127.4804,12.11267,26.628469,10.479326,32.887207000000004
2009-06-04,18.407618,218.71745299999998,17.56148,134.04501299999998,12.257049,27.954517,11.096309,34.63343
2009-06-05,18.526722,220.72439599999998,17.81086,133.63249199999998,12.097472999999999,27.748444,11.086963,33.566296
2009-06-08,18.421707,217.967331,17.738457,133.04058799999999,12.097472999999999,28.124756,11.273926,33.178242
2009-06-09,18.277,216.402512,17.762598,133.90155,12.477416999999999,27.757401,11.273926,33.081234
2009-06-10,17.960686,214.902267,18.140694,131.542923,12.507813,26.216321999999998,11.199138,33.760315000000006
2009-06-11,17.922262,213.11390699999998,18.365942,130.170822,12.424224,26.422392,12.124609,33.760315000000006
2009-06-12,17.540638,211.047348,18.768176999999998,130.610275,12.393827,26.610547999999998,12.825727,33.6633
2009-06-15,17.427951999999998,207.038422,18.84058,128.251694,12.143064,25.44578,12.461143,32.693176
2009-06-16,17.461246,206.655899,18.864716,129.28302,12.051879,25.176989000000003,11.900257,31.52903
2009-06-17,17.362633,206.238617,19.04974,125.310181,12.264648,24.621477,11.498282000000001,29.879815999999998
2009-06-18,17.401052,205.692169,18.904938,128.323395,12.059478,25.114262,12.059174,30.36488
2009-06-19,17.862078,208.68768300000002,19.363482,128.359329,12.165861,25.329302,12.358317999999999,30.752934999999997
2009-06-22,17.591866,202.358856,18.727957,122.870804,11.915098,23.859896,11.161747,29.103721999999998
2009-06-23,17.161585000000002,201.529251,18.776215,126.619522,12.013886,24.81859,11.432846000000001,29.200733000000003
2009-06-24,17.444592999999998,203.322586,18.880802,127.928802,12.234253,24.773794,11.545023,29.491770000000002
2009-06-25,17.91074,206.541641,19.138229,129.525116,12.393827,24.970909,11.545023,29.394753
2009-06-26,18.241144,211.28579700000003,18.784262,131.596771,12.378633,25.642897,11.91895,29.394753
2009-06-29,18.180951999999998,210.6996,19.194546,133.946365,12.447021000000001,26.072964000000002,12.330269,29.297745000000003
2009-06-30,18.239857,209.43284599999998,19.122147000000002,132.224548,12.576203,25.544332999999998,12.33962,28.812683000000003
2009-07-01,18.29109,208.14123500000002,19.339344,132.11686699999998,12.948552000000001,25.409939,12.199399,28.812683000000003
2009-07-02,17.931227,202.925171,18.80036,128.682129,12.705386,24.182447,11.816123,27.939567999999998
2009-07-06,17.75066,203.481552,18.663595,131.345627,12.568605999999999,24.057016,11.358058,27.066461999999998
2009-07-07,17.339585999999997,197.033493,18.124605,127.830193,12.348235,23.429832,11.358058,26.096334
2009-07-08,17.572654999999997,199.94455,18.148741,124.25196100000001,12.11267,22.847439,11.068267,25.417248
2009-07-09,17.462523,203.869034,18.0522,128.43103,12.173461999999999,23.187912,11.189791,26.096334
2009-07-10,17.73914,205.861069,18.011978,127.229317,12.188661,23.241673000000002,11.105659,25.126215
2009-07-13,18.228333,210.779083,18.687731,134.018066,12.530609,25.00675,12.143305999999999,26.969444
2009-07-14,18.219364000000002,210.97282400000003,18.591194,134.215424,12.788975,24.979866,12.068522,28.327623
2009-07-15,18.809738,217.66926600000002,19.403704,139.237442,13.716042999999999,25.804169,12.54528,30.752934999999997
2009-07-16,18.891695000000002,219.86996499999998,19.661131,140.654434,14.05799,25.58914,12.311574,29.394753
2009-07-17,19.433397,213.734863,19.540461999999998,140.654434,14.278357999999999,25.078429999999997,12.049828,29.297745000000003
2009-07-20,19.581947,213.69511400000002,19.733538,143.515244,14.361949,25.392023000000002,11.442194,27.066461999999998
2009-07-21,19.402662,212.56745899999999,19.974878,143.30896,14.361949,24.693154999999997,11.395453999999999,25.708284
2009-07-22,20.072423999999998,212.46313500000002,19.950735,143.900879,14.544325,24.675235999999998,11.432846000000001,27.163469
2009-07-23,20.210732999999998,217.256958,20.562134,148.3759,14.802686999999999,25.571218,11.862864,26.872438
2009-07-24,20.488626,221.91664100000003,18.864716,147.72122199999998,14.7115,25.31138,11.694593,26.484383
2009-07-27,20.502714,220.96284500000002,18.591194,146.958954,14.795091000000001,25.132179,12.23679,26.096334
2009-07-28,20.489910000000002,218.503845,18.880802,143.972626,14.719103,24.576677,12.470496,28.812683000000003
2009-07-29,20.493745999999998,216.71051,19.146273,142.98616,14.7419,24.379208,12.638763,31.237996999999996
2009-07-30,20.847198000000002,221.380142,19.154318,145.6586,14.688701000000002,25.456343,13.059429,30.461893
2009-07-31,20.924038,220.09350600000002,18.921026,146.447754,14.627915,25.582012,13.825982000000002,30.752934999999997
2009-08-03,21.313345,224.64390600000002,19.17041,147.165207,14.719103,26.309074,14.321438,30.849937
2009-08-04,21.200651,225.399002,19.122147000000002,148.124771,14.681104999999999,26.991262,14.620581,31.52903
2009-08-05,21.144302,224.112366,19.154318,151.236694,14.436166,27.870926,15.574095000000002,34.73045
2009-08-06,20.990629000000002,223.72488399999997,18.872757,149.54174799999998,14.313694,27.422119,15.611487,36.864712
2009-08-07,21.195528,227.07310499999997,18.953201,146.761642,14.160604000000001,28.023518,15.349739999999999,37.349777
2009-08-10,21.094357000000002,226.829697,18.84058,143.811172,14.359617000000002,27.673452,15.592792999999999,38.222878
2009-08-11,20.852320000000002,225.503311,18.607283,142.788834,14.267766,26.829690999999997,14.816892000000001,35.797573
2009-08-12,21.169916,227.80831899999998,18.92907,146.860306,14.397892,26.910479,14.891679000000002,38.610935
2009-08-13,21.568188,229.64637799999997,19.001473999999998,147.506027,14.581596,26.820715000000003,15.891935,39.387028
2009-08-14,21.358164000000002,228.513733,19.057782999999997,145.936554,14.367276,26.739935,16.256517000000002,39.193012
2009-08-17,20.437403,221.00755299999997,18.703819,141.022156,14.122334,25.617910000000002,15.480614000000001,38.804970000000004
2009-08-18,21.002157,221.201294,19.075951,143.918823,14.367276,25.83334,15.79845,40.163139
2009-08-19,21.078991000000002,220.55053700000002,19.132579999999997,143.425568,14.390235999999998,25.878216000000002,15.658230999999999,40.066132
2009-08-20,21.300541,228.71740699999998,19.148764,145.577896,14.321345,26.353958000000002,16.02281,43.461548
2009-08-21,21.670645,231.116806,19.747414000000003,146.952957,14.459125,26.650171000000004,16.321947,45.595821
2009-08-24,21.650152,232.850525,19.933481,146.117126,14.359617000000002,26.614265000000003,16.219126,46.759983
2009-08-25,21.693699,234.16200299999997,19.933481,148.238159,14.619864999999999,27.098982,16.593052,46.080883
2009-08-26,21.438847,232.487885,19.860670000000002,149.145905,14.872463,26.506548,16.630442000000002,44.916748
2009-08-27,21.700096,231.52415499999998,19.973928,148.31002800000002,14.903085999999998,26.784810999999998,16.751965,48.991261
2009-08-28,21.776932000000002,230.873398,19.965843,147.770828,15.500122,26.4886,16.80806,50.73748
2009-08-31,21.541294,229.343338,19.941576,148.70553600000002,15.553706,25.994913,16.443479999999997,48.506195
2009-09-01,21.168638,226.40743999999998,19.41573,143.95117199999999,15.094441,24.639515,15.387129000000002,44.043621
2009-09-02,21.153271,225.04132099999998,19.302471,142.486206,14.903085999999998,24.316376,15.218765,44.237644
2009-09-03,21.328714,227.281754,19.504717000000003,145.29028300000002,14.86481,24.819035999999997,15.751935000000001,46.274902000000004
2009-09-04,21.810229999999997,229.15953100000002,19.917307,146.467651,15.033204999999999,24.819035999999997,15.985782999999998,47.051006
2009-09-08,22.14575,227.82820099999998,20.079102,150.287308,15.155678,24.95368,15.920304999999999,45.401806
2009-09-09,21.916519,230.485916,20.046741,153.02844199999998,15.255182999999999,25.626884,15.939012,45.207775
2009-09-10,22.098364,233.948395,20.224718,157.162613,15.125053,25.707674,16.10738,46.080883
2009-09-11,22.047144,234.54451,20.11146,157.009888,14.933698000000001,25.869246,15.873535999999998,44.722713
2009-09-14,22.246914,236.024887,20.224718,159.71508799999998,14.818879,25.80641,15.892242000000001,43.849609
2009-09-15,22.431334,237.227066,20.38652,158.771362,14.964317000000001,25.797432,15.705166,39.969116
2009-09-16,23.290617,242.567337,20.38652,161.656326,15.040857999999998,27.063072,16.135439,40.745216
2009-09-17,23.633827,244.27125499999997,20.467419,163.085358,14.85716,27.870926,16.472182999999998,42.879490000000004
2009-09-18,23.694019,244.14209,20.435057,164.631195,14.97197,28.167135,16.490891,41.327282000000004
2009-09-21,23.565956,246.894196,20.467419,163.921127,14.956664000000002,28.373590000000004,16.135439,42.976501
2009-09-22,23.624865,247.917542,20.847637,166.734222,14.949010000000001,29.603323,16.472182999999998,45.110775
2009-09-23,23.755489,247.619476,20.799097,165.044601,15.216902,28.750582,16.369287,43.849609
2009-09-24,23.540342000000003,246.779938,20.985167,164.5233,14.956664000000002,27.583685,15.882887,42.976501
2009-09-25,23.354654,244.648788,20.669660999999998,161.323792,14.82654,27.422119,15.527441,42.491428000000006
2009-09-28,23.838728,247.654251,20.896176999999998,164.020004,15.109748000000002,28.050441999999997,16.10738,44.334656
2009-09-29,23.740118,247.654251,20.831459,164.990677,14.910735,27.906832,16.051254,45.595821
2009-09-30,23.736279,246.32290600000002,20.807192,165.682678,14.979629999999998,27.718332,15.826770000000002,46.953995
2009-10-01,23.161282999999997,242.025848,20.127644,160.865448,14.466779999999998,26.811745000000002,15.162638000000001,43.946609
2009-10-02,23.678654,240.724319,20.192364,161.422653,14.520361999999999,26.443716,15.284235999999998,43.849609
2009-10-05,23.822075,242.68159500000002,19.933481,167.588043,14.619864999999999,26.784810999999998,15.864175,45.304787
2009-10-06,24.333046,247.758575,20.313705,168.04634099999998,15.02555,27.637548,15.901594000000001,45.304787
2009-10-07,24.363779,257.097839,20.305616,171.19194,15.117404,27.969666999999998,16.228983,45.013756
2009-10-08,24.238279000000002,255.42867999999999,20.766741,169.11586,15.216902,28.669802,16.210279,45.110775
2009-10-09,24.391953,256.457001,20.669660999999998,170.131424,15.438885,28.804440999999997,16.369287,44.916748
2009-10-12,24.435497,260.326813,20.807192,170.895386,15.614944,28.508226,16.86504,46.274902000000004
2009-10-13,24.334328,261.355133,20.880001,168.271057,15.683831,27.951712,16.659256,46.856991
2009-10-14,24.496964000000002,265.930389,21.001348,172.80969199999998,15.944076,29.468674,17.388857,48.506195
2009-10-15,24.403485999999997,263.242859,21.608083999999998,169.529282,15.82161,29.360964000000003,16.930525,46.080883
2009-10-16,24.082043,273.148438,21.4382,165.70065300000002,15.446543,29.612295,16.144796,44.528690000000005
2009-10-19,24.313839,274.2612,21.324945,166.716293,15.622588,29.720013,16.051254,44.043621
2009-10-20,25.453587,274.07739300000003,21.333033,166.23095700000002,15.446543,29.190410999999997,15.910948000000001,42.976501
2009-10-21,26.242449,273.769409,21.50292,161.108124,15.201604000000001,30.590698,15.443254999999999,42.879490000000004
2009-10-22,26.278305,275.25473,21.511009,165.089554,15.400616000000001,32.080727,15.452612,43.267525
2009-10-23,26.116945,275.05602999999996,22.667866,162.09674099999998,15.140363,31.416497999999997,15.171997,43.267525
2009-10-26,25.929979,275.314331,23.201795999999998,161.20694,15.17864,31.236971,14.404975,41.424296999999996
2009-10-27,25.275582999999997,272.37347400000004,23.128989999999998,160.523926,15.109748000000002,30.617621999999997,14.451742999999999,41.424296999999996
2009-10-28,24.639114000000003,268.40429700000004,22.667866,154.727051,14.566289999999999,29.0445,14.040173999999999,39.581051
2009-10-29,25.144962,273.744568,22.82966,160.496964,14.711719,30.267038,14.713653,41.81234
2009-10-30,24.139677,266.327789,22.433258,152.938583,14.627524,28.873693,13.637955999999999,39.678082
2009-11-02,24.243406,265.269684,22.554604,153.39691200000001,14.550981,28.747845,13.684731,38.707954
2009-11-03,24.171685999999998,266.909027,22.271465,154.232773,14.160604000000001,28.891671999999996,13.843742,39.193012
2009-11-04,24.435497,268.419189,22.700224,152.336411,14.338004000000002,28.298379999999998,13.750202999999999,38.513923999999996
2009-11-05,24.847855,272.552307,23.031907999999998,155.841492,14.569382000000001,29.143381,14.152422,39.387028
2009-11-06,24.88755,273.769409,23.072359,154.38551299999997,14.600232,29.305178,14.077589000000001,39.387028
2009-11-09,25.799356,279.437531,23.452581,158.690521,15.00901,30.51874,14.75107,40.648196999999996
2009-11-10,25.994009,281.548798,23.468764999999998,158.636612,15.039859,30.294012,14.994271,40.551182
2009-11-11,26.028586999999998,283.436523,23.557751,161.638351,15.302091,30.338955,15.368425,40.357159
2009-11-12,25.867229000000002,282.090271,23.751904999999997,160.40708899999998,15.178685999999999,29.673748,15.022329999999998,39.387028
2009-11-13,26.182259,284.17669700000005,23.970335000000002,158.86123700000002,15.286664000000002,29.745668,14.947498999999999,39.290024
2009-11-16,26.461437,286.278046,23.897522,159.30161999999999,15.602892,30.770452000000002,14.844606,40.551182
2009-11-17,26.508817999999998,286.87912,24.376938,158.717438,15.672305,30.087253999999998,14.75107,41.133255
2009-11-18,26.375631,286.46185299999996,24.466317999999998,158.987091,15.518053,29.961403000000004,15.293591000000001,41.618324
2009-11-19,25.677694,284.643677,24.198175,155.329208,14.885606,29.0445,15.041042000000001,41.327282000000004
2009-11-20,25.602137,283.138458,24.068163000000002,152.794739,14.839328,28.855717,15.050391000000001,40.745216
2009-11-23,26.365387,289.293427,24.328186,154.583267,14.962729999999999,29.323164000000002,15.237467,41.521305
2009-11-24,26.180979,289.661041,24.303804,153.801346,14.955019,28.873693,15.059748,40.842228000000006
2009-11-25,26.148968,290.97747799999996,24.206297,151.815109,14.916456,28.24444,14.919437,40.454163
2009-11-27,25.687944,288.006805,23.743137,147.53714,14.739061999999999,27.426410999999998,14.470453,39.387028
2009-11-30,25.600855,289.616333,23.89752,152.805984,14.808478,28.388271000000003,14.825898,39.872097
2009-12-01,25.224354,293.029114,24.385063,150.977631,15.163260999999999,28.334336999999998,14.872666,39.775089
2009-12-02,25.129593,291.85675,24.198175,150.104019,15.209537,27.507322,14.648035,39.775089
2009-12-03,25.16161,290.97747799999996,24.238802,147.978424,15.325234,27.147745,14.750993,39.290024
2009-12-04,24.756933,290.61483799999996,24.360687,150.626404,15.780284,27.839926000000002,15.2377,39.387028
2009-12-07,24.1973,291.230835,24.206297,147.57312,15.710866000000001,27.309549,14.872667000000002,39.096001
2009-12-08,24.315115,291.628235,24.027538,145.76281699999998,15.417785,27.102802,14.423401,37.931843
2009-12-09,25.330648,292.606873,24.141293,149.905853,15.433212,27.282587,14.404685999999998,37.446789
2009-12-10,25.155205,293.838867,24.271309,150.16708400000002,15.541185999999998,27.174716999999998,14.236203,37.543789000000004
2009-12-11,24.929807999999998,293.347046,24.255054,149.50958300000002,15.348370999999998,26.770190999999997,14.629316000000001,38.319897
2009-12-14,25.225637,295.940186,24.466317999999998,149.599655,15.410070999999999,27.120773,14.629316000000001,35.894588
2009-12-15,24.865783999999998,294.653564,24.393188000000002,146.573456,15.271238,26.833116999999998,14.217483999999999,34.536411
2009-12-16,24.975916,296.948639,24.458197,148.59991499999998,14.947308999999999,27.2736,14.301723,33.46928
2009-12-17,24.569962,295.050964,24.051916000000002,144.943207,14.708209,26.176897,13.908610999999999,31.043962
2009-12-18,25.027142,296.282959,24.66946,146.978745,15.140123999999998,26.257803000000003,14.067729,32.984215
2009-12-21,25.385717,297.40567000000004,24.799477,149.014175,15.494916,26.662331,14.301723,33.178242
2009-12-22,25.658489000000003,298.617767,25.043242000000003,148.248627,15.456351000000002,26.608390999999997,14.348522,32.402138
2009-12-23,25.881313000000002,303.863647,25.124498000000003,147.374985,15.502625,26.437590000000004,14.217483999999999,31.91708
2009-12-24,26.770066999999997,307.24169900000004,25.189503,147.68121299999999,15.680017999999999,26.608390999999997,14.273643,32.499153
2009-12-28,27.099184,309.42251600000003,25.327641,147.492096,15.656878,26.329714000000003,14.311082,32.887207000000004
2009-12-29,26.77775,307.69872999999995,25.506407,147.81634499999998,15.734003,26.455565999999997,14.151967,32.693176
2009-12-30,27.103023999999998,309.35296600000004,25.157001,150.14001499999998,15.880548000000001,26.509503999999996,14.105167999999999,32.208118
2009-12-31,26.986492,307.986847,24.766968,152.067505,15.734003,26.608390999999997,14.095809,32.111111
2010-01-04,27.406532000000002,311.34997599999997,25.148876,155.8862,16.104221,27.785991999999997,14.685472,32.984215
2010-01-05,27.453915000000002,309.978882,25.157001,158.642273,16.096504,28.801786,15.162822,34.24538
2010-01-06,27.017222999999998,302.164703,25.002610999999998,156.949036,16.042514999999998,29.170345,15.340657,35.312511
2010-01-07,26.967278000000004,295.13046299999996,24.742592000000002,160.02027900000002,15.888257000000001,29.592841999999997,15.846086999999999,35.409515
2010-01-08,27.146565999999996,299.06487999999996,24.913232999999998,156.994049,16.065655,28.990557,15.705688,34.827453999999996
2010-01-11,26.907093,298.612823,24.596332999999998,154.517258,16.158215,28.801786,15.846086999999999,35.215503999999996
2010-01-12,26.601022999999998,293.332153,24.433821,151.14883400000002,15.895976999999998,27.983749,15.312579000000001,34.148373
2010-01-13,26.976244,291.648102,24.661339,152.27465800000002,16.165922,28.100613,15.555933,33.954346
2010-01-14,26.820007,293.019196,25.157001,151.788254,16.566979999999997,28.046678999999997,15.743128,34.051338
2010-01-15,26.371792,288.12600699999996,25.075747,148.79806499999998,16.042514999999998,27.309549,15.218979000000001,33.178242
2010-01-19,27.538433,291.911407,25.270757999999997,150.28410300000002,16.235338,28.010725,15.275143,34.342396
2010-01-20,27.114555,288.329681,24.85635,151.121735,16.258474,27.534290000000002,15.434251999999999,33.566296
2010-01-21,26.645842,289.606384,24.385063,144.88919099999998,16.07337,26.374664000000003,14.479560000000001,31.723051
2010-01-22,25.324244,273.22790499999996,23.531868,138.809723,15.356086,24.990311,13.946051,31.52903
2010-01-25,26.005541,268.25524900000005,23.824394,139.584305,15.672305,24.936375,14.020926999999999,31.334995000000003
2010-01-26,26.373071999999997,269.457428,23.970657,135.891602,15.425493,24.56781,13.824376999999998,30.558909999999997
2010-01-27,26.621516999999997,269.29846200000003,24.108797,136.449966,15.610606,25.171206,14.217483999999999,31.043962
2010-01-28,25.521461,265.418701,23.694384,138.062149,15.363798000000001,24.756930999999998,14.385962,31.432014000000002
2010-01-29,24.595573,263.257751,22.898075,133.946198,14.962729999999999,24.117523000000002,14.208123,32.208118
2010-02-01,24.937496,264.787811,23.084957,137.918091,15.1247,24.819971,14.43276,32.402138
2010-02-02,25.082210999999997,263.843964,23.125591,141.349625,15.356086,25.270266,14.601235999999998,33.081234
2010-02-03,25.513775,268.662598,23.263727,141.610794,15.300104999999999,25.117167000000002,14.535718,32.693176
2010-02-04,24.594294,261.687958,22.621799,135.71144099999998,14.786999,23.982439000000003,13.805654999999998,30.849937
2010-02-05,25.030981,263.928406,22.768064000000003,138.845749,15.136842000000001,24.549799,14.039651999999998,31.237996999999996
2010-02-08,24.859381,265.011353,22.52429,136.089767,15.04355,23.955417999999998,13.552942999999999,30.558909999999997
2010-02-09,25.124472,266.48675499999996,22.759937,137.341644,15.276782,24.432726000000002,13.543582999999998,30.849937
2010-02-10,24.987444,265.498199,22.743685,138.36840800000002,15.307879000000002,24.774948000000002,13.730779,31.043962
2010-02-11,25.442059,266.466888,22.849319,138.746704,15.595535,24.423716,13.693338,31.14098
2010-02-12,25.661045,264.837494,22.694933,138.63858000000002,15.883184,24.459743,13.524865,30.849937
2010-02-16,26.047794,268.901062,23.143933999999998,141.763901,16.108646,25.054126999999998,14.189406,32.111111
2010-02-17,25.938944,267.366028,23.339857000000002,141.63781699999998,16.062006,24.66688,14.657392999999999,33.081234
2010-02-18,25.987612,269.85485800000004,23.650082,140.259811,16.201942000000003,24.549799,14.863307,33.275257
2010-02-19,25.826248,268.632813,23.486801,140.665085,16.186394,24.684887,14.863307,33.178242
2010-02-22,25.666172,269.64621,23.454148999999997,141.142426,16.225266,24.955057,15.172182999999999,33.566296
2010-02-23,25.235882,265.80618300000003,23.1276,141.13343799999998,15.852089999999999,24.450739000000002,14.919468,32.499153
2010-02-24,25.696901,264.017822,23.372507000000002,142.601517,16.093103,25.063129,15.284498999999999,33.46928
2010-02-25,25.868509,261.51409900000004,23.348024,140.899292,16.038677,24.982079000000002,15.490414000000001,32.887207000000004
2010-02-26,26.204027,261.697906,23.405169,141.133972,15.960934,25.378335999999997,15.593372,32.984215
2010-03-01,26.763662,264.623871,23.690893,141.305466,16.225266,25.387335,15.640168,32.887207000000004
2010-03-02,26.745731,268.78182999999996,23.233727,143.300354,16.093103,25.84664,15.406177,32.984215
2010-03-03,26.807201,270.898071,23.233727,142.370651,15.953165,25.504414,15.331249,32.984215
2010-03-04,26.983928999999996,275.503113,23.372507000000002,147.68743899999998,15.960934,26.296928,15.359347,33.275257
2010-03-05,28.03916,280.28204300000004,23.339857000000002,150.91000400000001,16.163071,26.486047999999997,15.640310000000001,33.954346
2010-03-08,28.055801000000002,279.422638,23.372507000000002,153.311142,16.14752,26.639145000000003,15.677774,34.536411
2010-03-09,28.560369,278.285034,23.511293,152.417465,16.279695999999998,26.161837,15.733970000000001,37.058739
2010-03-10,28.793440000000004,286.362488,23.650082,155.20678700000002,16.474049,26.990374,16.024292000000003,38.416908
2010-03-11,28.877962,288.69232200000005,23.821514,156.623901,16.520691,27.035402,16.033659,40.551182
2010-03-12,29.018833,287.897491,23.894989000000002,157.932831,16.536242,26.936338,15.780795000000001,38.513923999999996
2010-03-15,28.66538,279.770355,23.911312,156.642014,16.4585,26.693176,15.780795000000001,37.737827
2010-03-16,28.743502000000003,280.77383399999997,23.976627,159.04312099999999,17.111553,27.296574,15.949370000000002,39.290024
2010-03-17,28.701234999999997,280.952667,24.188873,159.449295,17.290369000000002,27.26955,16.174145000000003,39.290024
2010-03-18,28.769109999999998,281.369965,24.17255,160.18048100000001,17.259272,27.089439000000002,15.996198999999999,38.998981
2010-03-19,28.461759999999998,278.190643,24.156223,160.586716,17.096001,26.684174,15.752695999999998,37.834839
2010-03-22,28.781919,276.94872999999995,24.164385,159.016052,17.290369000000002,26.657158000000003,15.883807000000001,39.193012
2010-03-23,29.244217,272.72616600000003,24.392967000000002,157.815475,17.624664000000003,26.594114,16.043034,40.066132
2010-03-24,29.373559999999998,276.864258,24.205204000000002,157.436371,17.43808,26.450027000000002,16.455111,40.260151
2010-03-25,29.025232,279.621338,24.499095999999998,157.878693,17.375885,26.035759,16.614321,41.424296999999996
2010-03-26,29.5695,279.526947,24.213362,156.04620400000002,17.290369000000002,25.981726000000002,16.764167999999998,41.81234
2010-03-29,29.760305,279.407715,24.156223,157.111435,17.360331,26.504061,16.895285,40.551182
2010-03-30,30.203411,281.523956,24.303176999999998,154.70126299999998,17.368113,26.305929,16.633053,39.678082
2010-03-31,30.094551,281.72763100000003,23.911312,154.02418500000002,17.329241,26.377977,16.717346,39.290024
2010-04-01,30.218773,282.56219500000003,23.805187,153.654114,17.406981,26.296928,16.895285,40.551182
2010-04-05,30.541490999999997,283.660065,23.894989000000002,156.307999,17.562464000000002,26.377977,16.979572,41.327282000000004
2010-04-06,30.675951,282.274078,23.935806,156.073273,17.414755,26.441019,17.316727,41.618324
2010-04-07,30.811699,279.949188,23.960295000000002,159.196609,17.453625,27.035402,17.438477,42.297401
2010-04-08,30.728455,281.911438,24.425625,162.030991,17.34478,27.8099,17.466573999999998,43.364544
2010-04-09,30.964090000000002,281.280548,24.768496,161.687958,17.531370000000003,27.899958,17.410385,44.140644
2010-04-12,31.028129999999997,284.514496,24.752169,160.532516,17.523595999999998,27.854931,17.475941,45.013756
2010-04-13,31.046051000000002,291.489136,24.858294,161.805344,17.70241,27.449666999999998,17.485308,44.819725
2010-04-14,31.463540999999996,292.596924,25.160357,166.92353799999998,18.285492,28.044046,18.168989,47.827106
2010-04-15,31.877174,295.72659300000004,25.20117,166.336777,18.829701999999997,27.8099,18.243906,46.662956
2010-04-16,31.682522,273.29745499999996,25.037891000000002,145.060623,18.596467999999998,26.260899,17.241802,44.237644
2010-04-19,31.640259000000004,273.27261400000003,25.339951,147.425659,18.658669,26.621129999999997,17.22307,47.342048999999996
2010-04-20,31.322668,275.726654,25.601185,144.41069,18.751960999999998,27.422651000000002,17.429111,48.21516
2010-04-21,33.196217,275.35907000000003,25.576694,143.462875,18.503176,28.530361,17.120058,47.827106
2010-04-22,34.124657,271.762451,25.625679,143.57124299999998,18.650888000000002,28.728490999999998,17.36355,47.245045000000005
2010-04-23,34.683006,270.734131,25.274639,142.081726,18.689761999999998,28.764516999999998,17.260536,47.148029
2010-04-26,34.512688,264.102264,25.397097,137.23439,18.518726,27.863939000000002,16.904648,44.722713
2010-04-27,33.557342999999996,262.820618,25.184839,138.146088,18.153328,26.954351000000003,16.361456,42.103386
2010-04-28,33.500999,262.885193,25.233822,141.72972099999998,18.083353,27.360294,16.651781,43.170509
2010-04-29,34.402565,264.28109700000005,25.307299,144.645401,18.262167,28.244333,17.138784,44.237644
2010-04-30,33.435684,261.151459,24.931760999999998,131.069077,17.756828,27.261055,16.698612,42.394421
2010-05-03,34.109303000000004,263.585632,25.193005,134.950592,18.083353,27.450487,16.914020999999998,42.782471
2010-05-04,33.127056,251.54892,24.597054,134.905441,17.53915,26.602534999999996,16.44574,41.327282000000004
2010-05-05,32.782565999999996,253.232971,24.368482999999998,133.768082,17.357504000000002,26.422121,16.417645999999998,40.551182
2010-05-06,31.53525,247.72380099999998,23.658241,128.469406,16.840773000000002,24.933670000000003,15.246964000000002,39.193012
2010-05-07,30.204687,244.976669,23.029636,129.074142,16.684185,25.032906,15.153310000000001,38.804970000000004
2010-05-10,32.526443,259.13955699999997,23.625586,129.832397,17.655016,26.03422,16.202242000000002,40.939240000000005
2010-05-11,32.850441,252.880264,23.576603,128.153427,17.44363,25.601221,16.071119,40.454163
2010-05-12,33.563744,251.062088,24.03377,132.874435,18.077801,25.078008999999998,15.986835000000001,40.551182
2010-05-13,33.086067,253.789352,23.870493,130.572586,17.615875,24.915634,15.799529000000001,39.678082
2010-05-14,32.504669,252.12516800000003,23.617422,129.29078700000002,17.138287,24.428507,15.30316,38.610935
2010-05-17,32.555901,252.34375,23.625586,128.758179,17.240067,24.45557,15.312523,37.446789
2010-05-18,32.317703,247.574768,23.453379,123.99211100000001,16.778137,24.112776,14.937902,36.185619
2010-05-19,31.802902000000003,245.61749300000002,23.158163000000002,126.465378,16.911232000000002,24.392422,15.275062,36.96172
2010-05-20,30.448002000000002,235.970245,22.231506,122.85469099999999,16.277065,23.129498,14.329145,35.215503999999996
2010-05-21,31.031966999999998,234.499802,22.010089999999998,126.934799,16.371016,24.45557,14.975367000000002,36.37965
2010-05-24,31.600563,237.0383,21.542664000000002,123.38728300000001,16.183111,23.228731,14.422804999999999,36.670689
2010-05-25,31.403349,236.993591,21.378649,128.686005,16.324043,23.553484,14.507092000000002,36.670689
2010-05-26,31.261191999999998,236.198761,20.509404999999997,126.64594299999999,16.206602,23.932364,14.48836,37.446789
2010-05-27,32.444492,243.645325,21.321251,131.170654,17.03651,24.951717000000002,15.153310000000001,38.998981
2010-05-28,32.896545,241.24592599999997,21.157239999999998,130.546188,16.770309,24.45557,14.741228,38.416908
2010-06-01,33.402393,239.626465,21.231052,128.374359,16.582407,23.57152,14.460266,37.349777
2010-06-02,33.801941,245.090927,21.698470999999998,131.062088,17.075654999999998,24.518717000000002,14.891356,38.028866
2010-06-03,33.695648,251.16639700000002,22.026493,130.347107,17.146117999999998,24.221027,14.816382,38.416908
2010-06-04,32.778725,247.748627,21.149036,128.727341,16.402332,23.445234,14.385292999999999,36.767696
2010-06-07,32.135853000000004,241.191284,20.739014,125.49665800000001,15.901257999999999,22.813772,13.897972,35.312511
2010-06-08,31.929679999999998,240.823669,20.59141,124.682259,15.799479000000002,23.084394,14.36655,36.088612
2010-06-09,31.144659000000004,235.478439,20.328995000000003,123.795395,15.603748000000001,22.669434,14.066660999999998,37.543789000000004
2010-06-10,32.080795,241.931473,20.501205,121.053444,16.089163,23.084394,14.488377999999999,37.834839
2010-06-11,32.46497,242.671661,21.042435,122.74568899999998,16.159628,23.454248,14.619582999999999,37.640812
2010-06-14,32.563587,240.03381299999998,20.91123,120.754807,16.355362,22.849852,14.441524,37.640812
2010-06-15,33.256409000000005,247.38598599999997,21.796885999999997,123.88588,16.817284,23.409149,14.807011,38.707954
2010-06-16,34.224537,249.015396,21.583668,124.030693,16.825115,23.246778,14.87261,38.707954
2010-06-17,34.816196000000005,248.42424,21.624666,124.265953,16.8486,22.840832000000002,14.825752,38.416908
2010-06-18,35.097935,248.39939900000002,21.68207,125.044197,16.754652,23.183626,14.825752,38.90197
2010-06-21,34.598488,242.70146200000002,21.280245,124.646019,16.590232999999998,23.102438,14.797638000000001,38.998981
2010-06-22,35.069748,241.553925,21.132639,121.976463,16.425825,22.714542,14.60084,38.222878
2010-06-23,34.700935,239.46749900000003,20.755417,122.229904,16.292725,22.579233,14.460267000000002,37.737827
2010-06-24,34.44865,236.01495400000002,20.501205,122.14841499999999,15.909088,21.884623,14.076034,36.670689
2010-06-25,34.154114,234.812775,20.115782,126.38349199999999,15.682039000000001,22.561184,14.450895000000001,38.222878
2010-06-28,34.359016,234.51470899999998,19.935369,123.66868600000001,15.940407,22.119162,14.282206,38.804970000000004
2010-06-29,32.805626000000004,225.662277,19.115318,121.04438,15.494142000000002,21.153929,13.65431,36.185619
2010-06-30,32.211422,221.03736899999998,18.869308,118.79106100000001,15.227945000000002,20.937428,13.466887,36.476662
2010-07-01,31.820827,218.32501200000002,18.992314999999998,118.67347,15.071357999999998,20.829179999999997,13.138879000000001,36.670689
2010-07-02,31.623602,216.86450200000002,19.082516000000002,118.61916399999998,15.032214999999999,20.594639,12.970193,36.767696
2010-07-06,31.840040000000002,216.62605299999998,19.533545999999998,119.686981,15.251431,20.72093,13.176368,36.767696
2010-07-07,33.12579,223.64540099999996,19.927166,122.917625,15.768162,21.604976999999998,13.785519,37.834839
2010-07-08,33.051495,226.80485499999998,20.017376000000002,122.58279399999999,15.736848,21.830494,13.926086999999999,38.513923999999996
2010-07-09,33.247437,232.23454300000003,19.902561,124.935608,15.846456,22.281534,14.160376999999999,39.193012
2010-07-12,32.949055,236.377594,20.361794,124.20264399999999,16.104824,22.155248999999998,14.254094,39.872097
2010-07-13,32.245991,243.019394,20.607805,126.917419,16.449312,23.147543,14.685179999999999,41.715324
2010-07-14,32.365097,244.08247400000002,20.862023999999998,125.840538,16.723330999999998,23.039295000000003,14.685179999999999,40.842228000000006
2010-07-15,32.201176000000004,245.41381800000002,20.919426,131.41499299999998,16.840773000000002,23.084394,14.42278,40.357159
2010-07-16,32.002674,228.31999199999998,20.410999,132.274643,16.45714,22.317621,13.101395,37.834839
2010-07-19,31.449453000000002,231.58377099999998,20.68981,131.831253,16.903416,22.353703,12.754647,38.610935
2010-07-20,32.257515000000005,239.23898300000002,20.894827,134.75415,16.950384,22.750626,12.904592999999998,38.707954
2010-07-21,32.55846,237.20719900000003,20.599613,133.016708,16.645044,24.175924,12.520361,38.222878
2010-07-22,33.170601,240.83857700000002,21.190044,132.618484,17.05217,24.166901,12.801505,39.678082
2010-07-23,33.288418,243.446609,21.165442000000002,133.369659,16.981701,24.257109,12.876478,38.998981
2010-07-26,33.203896,242.905136,21.403254999999998,134.111633,16.997362,24.356339000000002,13.260709,40.260151
2010-07-27,33.8186,244.72331200000002,21.452457,133.233902,16.895576000000002,24.356339000000002,13.298194,40.357159
2010-07-28,33.419033,240.610062,21.280245,133.206741,16.699846,24.410567999999998,13.110764000000001,39.678082
2010-07-29,33.05407,240.92799399999998,21.345854,138.075256,16.464973,24.392487,13.14825,39.969116
2010-07-30,32.943928,240.858444,21.165442000000002,136.482605,16.128313000000002,24.392487,13.157623000000001,39.775089
2010-08-02,33.533015999999996,243.620483,21.591869,138.220093,16.558916,25.016083,13.532484,40.648196999999996
2010-08-03,33.543265999999996,243.33235200000001,21.452457,138.627319,16.339699,24.844372,13.438766000000001,40.066132
2010-08-04,33.677727000000004,251.52407799999997,21.099834,141.54122900000002,16.353901,25.187801,13.298194,40.163139
2010-08-05,33.513809,252.408325,20.804617,141.097809,16.306572,25.160688,13.138879000000001,39.775089
2010-08-06,33.307632,248.49379,20.95223,140.428131,16.290789,24.988968,13.082647999999999,39.387028
2010-08-09,33.52021,251.042206,21.001429,140.62721299999998,16.290789,24.808218,13.035793,39.581051
2010-08-10,33.220551,250.227509,20.558605,139.26980600000002,15.636002,24.699766,12.77339,38.804970000000004
2010-08-11,32.039814,244.281189,20.386392999999998,135.061859,15.328332000000001,23.886383,12.361042999999999,37.349777
2010-08-12,32.244713,244.41531400000002,20.082979,135.215683,15.34411,23.606215,12.239212,37.543789000000004
2010-08-13,31.90023,241.60360699999998,20.009172,134.003128,15.107438,23.407389000000002,12.398529,37.640812
2010-08-16,31.713257000000002,241.226059,20.091179,133.71348600000002,15.359884,23.226633,12.361042999999999,37.543789000000004
2010-08-17,32.267765000000004,243.675125,20.371482999999998,134.46463,15.407223000000002,23.678513,12.379786,37.349777
2010-08-18,32.408634,239.517166,20.46217,135.01658600000002,15.454557999999999,23.73274,12.482869,37.446789
2010-08-19,32.000107,232.472992,20.148884,133.071045,14.910212,23.488726,12.201728,36.767696
2010-08-20,31.969376,229.517212,19.975763,134.147888,14.918102,23.425467,12.061154,36.37965
2010-08-23,31.477621000000003,230.535583,20.016981,132.790482,14.752434,23.244715,12.061154,36.37965
2010-08-24,30.725895,224.23655699999998,19.819122,130.265747,14.523653,22.711493,11.845614,35.991592
2010-08-25,31.104952,225.841125,19.868585999999997,130.926315,14.578876999999999,22.684385,11.864355999999999,35.700562
2010-08-26,30.770714,224.032883,19.637745000000002,128.329117,14.342204999999998,22.259611,11.686294,35.506535
2010-08-27,30.942331,227.93252599999997,19.72843,126.46491999999999,14.492097,22.62112,11.845614,36.476662
2010-08-30,31.055016,224.882355,19.489349,123.97921000000001,14.16865,22.078863000000002,11.545719,35.603558
2010-08-31,31.131849,223.555984,19.349201,124.224167,13.939867999999999,22.313847,11.676921,35.991592
2010-09-01,32.057743,228.677673,19.703692999999998,126.773422,14.310652,22.964548,12.38973,37.349777
2010-09-02,32.293372999999995,230.09346000000002,19.736677,126.809708,14.421097,23.208567000000002,12.455385,37.640812
2010-09-03,33.13858,233.630463,20.025225,133.622818,14.539432999999999,24.09425,12.661722,37.931843
2010-09-07,33.015640000000005,230.69952400000003,19.753162,131.73585500000002,14.294873,23.199526000000002,12.38973,37.155746
2010-09-08,33.670033000000004,233.769562,19.72843,133.84967,14.121314000000002,23.470654,12.539796,37.252765999999994
2010-09-09,33.689246999999995,236.55146800000003,19.794388,135.301178,14.200201000000002,24.410567999999998,12.661722,37.931843
2010-09-10,33.732796,236.53158599999998,19.662474,136.435211,14.176535000000001,24.573238,12.70862,37.931843
2010-09-13,34.197655,239.57678199999998,20.70125,140.04591399999998,14.641991,25.09742,13.08378,38.707954
2010-09-14,34.328278000000005,238.662735,20.6353,138.376587,14.783992000000001,24.871482999999998,12.830546,38.222878
2010-09-15,34.604893,238.767044,20.709497,138.403854,14.768210999999999,24.618435,12.858684,38.028866
2010-09-16,35.418083,238.975693,20.882624,138.104446,14.965435000000001,24.2027,12.70862,38.513923999999996
2010-09-17,35.264416,243.491318,20.791937,136.970428,14.839210999999999,23.922532999999998,12.56793,38.319897
2010-09-20,36.270973,252.497742,20.965065,137.805069,14.933882999999998,24.256926999999997,12.886819000000001,38.707954
2010-09-21,36.340134,255.07101400000002,20.734228,137.351471,15.099545999999998,23.551987,12.802408999999999,38.222878
2010-09-22,36.849823,256.332794,20.289038,134.330475,14.996996,22.548822,12.586691,37.640812
2010-09-23,36.999641,255.080948,20.140648000000002,131.46376,14.973327,22.359028,12.352213,36.864712
2010-09-24,37.435066,261.941315,20.429192999999998,133.61377,15.320442000000002,22.729568,12.755514999999999,37.834839
2010-09-27,37.286507,263.491241,20.387974,132.45256,15.178436999999999,22.476511,12.417866,37.543789000000004
2010-09-28,36.735847,261.881714,20.34675,131.55436699999998,15.39144,22.142128,12.446005,37.640812
2010-09-29,36.801159000000006,262.14004500000004,20.198353,131.019135,15.178436999999999,22.12405,12.295938,38.028866
2010-09-30,36.337563,261.196167,20.190107,131.164307,15.146885999999999,22.304806,12.28656,37.931843
2010-10-01,36.180054,261.111725,20.099426,133.99478100000002,15.241551999999999,22.612083,12.474142,39.678082
2010-10-04,35.683170000000004,259.487274,19.711942999999998,132.96965,14.886547,22.331917,12.333455,39.096001
2010-10-05,37.002213,267.375977,20.07469,135.691299,15.107438,23.018767999999998,12.717996000000001,40.066132
2010-10-06,37.034228999999996,265.448517,20.140648000000002,136.84346000000002,15.23366,22.937437,12.558556,39.775089
2010-10-07,37.038074,263.29254199999997,20.223085,137.088394,15.304665,22.65727,12.483522,40.551182
2010-10-08,37.659168,266.442047,20.256063,138.494583,15.399328,22.883209,12.361594,40.648196999999996
2010-10-11,37.824368,267.679016,20.272551999999997,138.077255,15.430888000000001,22.729568,12.333455,40.551182
2010-10-12,38.231606,268.94577000000004,20.470411,140.807999,15.596557,23.4345,12.680481,41.133255
2010-10-13,38.436496999999996,269.894592,20.890867,140.37248200000002,15.178436999999999,23.443541,12.46476,41.230267
2010-10-14,38.714401,268.71725499999997,20.800182,137.52383400000002,15.241551999999999,22.991665,11.817606,39.387028
2010-10-15,40.306206,298.781708,21.055757999999997,136.707382,15.241551999999999,22.612083,11.236106,38.319897
2010-10-18,40.723690000000005,306.859192,21.286591,139.438065,15.138998,22.955510999999998,11.573754,40.454163
2010-10-19,39.633888,301.95111099999997,20.693003,142.177826,15.154776000000002,22.946466,11.067283999999999,39.387028
2010-10-20,39.767075,302.025604,20.866137,144.790573,15.494,22.937437,11.020389999999999,39.872097
2010-10-21,39.637726,304.01767,20.956820999999998,144.518463,15.588666,22.232506,10.654603999999999,39.484058000000005
2010-10-22,39.375198,304.285919,20.923842999999998,143.121262,15.651779000000001,22.160201999999998,10.729636,39.872097
2010-10-25,39.550652,306.258087,20.767204,142.785629,15.675448000000001,22.033678,10.467022,40.842228000000006
2010-10-26,39.449467,307.3013,21.352543,143.602127,15.809562,21.861957999999998,10.598332000000001,40.551182
2010-10-27,39.421307,306.243195,21.4762,145.289551,15.927895999999999,22.097424,10.823424000000001,40.454163
2010-10-28,39.089607,307.29135099999996,21.665823,148.092819,16.148785,22.514013000000002,10.814051,40.454163
2010-10-29,38.544083,304.867126,21.98735,146.178665,15.817453,22.523079,10.739016000000001,40.454163
2010-11-01,38.953876,305.512939,22.218191,146.577805,16.227682,22.351007,10.785912,40.260151
2010-11-02,39.617237,305.81100499999997,22.580932999999998,147.711807,16.046229999999998,22.287607,10.692122,40.454163
2010-11-03,40.057774,308.086182,22.284142000000003,147.539398,16.283159,23.003059,10.804667,40.648196999999996
2010-11-04,40.758266,310.117981,22.374832,150.950546,16.672749,23.881519,11.376791,42.006371
2010-11-05,40.612286,310.520355,22.135748,155.19628899999998,16.887417000000003,24.705643,11.592509,43.558567
2010-11-08,40.803093,311.359894,22.102766,153.49981699999998,16.879467,24.642254,11.817606,43.073502000000005
2010-11-09,40.477818,310.39120499999996,22.218191,151.09570300000001,16.823816,23.836239000000003,11.5081,41.715324
2010-11-10,40.727528,309.42746,22.209944,151.703537,16.728405,24.044531,11.789469,42.879490000000004
2010-11-11,40.550812,306.600861,21.995594,152.148056,16.863569000000002,23.827185,11.601888,42.297401
2010-11-12,39.446903000000006,299.69577000000004,21.657579000000002,150.442505,17.117992,23.157010999999997,11.367412,41.618324
2010-11-15,39.320133,295.811035,21.599871,151.703537,16.935122,23.546436,11.348657000000001,41.909355
2010-11-16,38.622192,289.97399900000005,21.40909,149.780258,16.752257999999998,23.211349,11.19859,40.939240000000005
2010-11-17,38.482605,289.88955699999997,21.210014,149.589752,16.76021,22.722315,10.89846,40.648196999999996
2010-11-18,39.498138,296.352509,21.433971,151.82148700000002,16.712502999999998,23.157010999999997,10.973491000000001,41.715324
2010-11-19,39.280429999999996,293.506012,21.309553,151.204529,16.807913,23.202297,10.935977000000001,41.424296999999996
2010-11-22,40.129494,293.699768,21.34273,146.106033,16.895369,22.695145,10.598332000000001,40.551182
2010-11-23,39.536552,289.621307,20.836742,143.13945,16.768154,22.332891,10.401374,39.775089
2010-11-24,40.313889,295.56265299999995,21.044117,145.389343,17.006685,22.776653,10.57957,40.454163
2010-11-26,40.339508,293.093719,20.944572,143.538635,16.966928,22.369116,10.429506,39.872097
2010-11-29,40.578987,289.174194,20.994345000000003,144.50028999999998,16.958976999999997,22.568351999999997,10.607709,40.260151
2010-11-30,39.846462,276.059509,20.952866,141.96363799999997,16.823816,22.15176,10.270063,40.745216
2010-12-01,40.518791,280.35159300000004,21.599871,144.063843,17.078235999999997,22.568351999999997,10.59863,41.715324
2010-12-02,40.742908,284.06243900000004,22.304935,147.74615500000002,17.253157,23.193237,10.96475,42.879490000000004
2010-12-03,40.651973999999996,284.648621,22.412767000000002,147.573364,17.245205,23.220407,11.133726,43.170509
2010-12-06,40.999035,287.31131,22.263462,147.88253799999998,17.253157,23.129843,10.9272,43.170509
2010-12-07,40.75058,291.67294300000003,22.288347,146.918777,17.157747,23.23852,10.861485,44.819725
2010-12-08,41.109161,293.361969,22.586962,151.055695,17.348566,23.972085999999997,11.265152,45.013756
2010-12-09,40.949081,293.838867,22.462538000000002,151.337555,17.340611,24.189434,11.875347999999999,45.498829
2010-12-10,41.051525,294.191559,22.678202,153.174133,17.420123999999998,24.406788,12.016164,46.274902000000004
2010-12-13,41.19368,295.388794,22.603552,154.092407,17.094139000000002,24.397728,11.772086,46.662956
2010-12-14,41.016949,295.53283700000003,22.910463,152.137619,17.07029,24.116982999999998,11.640657000000001,45.498829
2010-12-15,41.025913,293.24273700000003,23.101246,150.21011399999998,16.919226000000002,23.727564,11.537395,44.528690000000005
2010-12-16,41.139889000000004,293.943176,23.217369,149.528198,16.935122,23.555492,11.753307000000001,44.528690000000005
2010-12-17,41.057934,293.49111899999997,23.142717,149.146347,17.062338,23.763784,11.800247,45.595821
2010-12-20,41.262825,295.60736099999997,23.068062,150.973846,16.879467,23.781902,11.84718,45.692833
2010-12-21,41.517672999999995,299.58648700000003,23.28373,152.955902,16.776106,24.325275,12.185141,45.983883
2010-12-22,41.640614,300.78866600000003,23.383274,154.20150800000002,16.609142000000002,24.814325,12.560645,45.886871
2010-12-23,41.440841999999996,300.16272000000004,23.474516,152.383118,16.569392999999998,24.823376,12.260242,45.401806
2010-12-27,41.579151,299.243713,23.28373,154.41066,16.569392999999998,24.913939000000003,12.457383,46.274902000000004
2010-12-28,41.680316999999995,297.524902,23.233960999999997,153.82873500000002,16.601192,25.049788,12.523096,46.371933
2010-12-29,41.657269,298.55816699999997,23.200781,152.4104,16.648895,24.705643,12.494933,46.274902000000004
2010-12-30,41.448524,297.495087,23.101246,152.41951,16.712502999999998,24.750926999999997,12.466764999999999,46.177902
2010-12-31,41.307659,295.06588700000003,23.151011999999998,152.892258,16.720449,24.642254,12.523096,45.886871
2011-01-03,42.205372,300.222351,23.209078,157.338333,16.577341,25.565994,13.321043,47.536079
2011-01-04,42.42564,299.114563,23.300323000000002,157.365555,16.815865,25.78335,13.367981,47.536079
2011-01-05,42.772678000000006,302.567078,23.225672,158.202011,16.648895,26.109377,13.612059,48.21516
2011-01-06,42.738106,304.767792,23.905846,156.57457,16.513733,26.082201,13.555732999999998,48.021137
2011-01-07,43.044174,306.228271,23.723364,155.192596,16.426275,25.538826,13.377369,47.924126
2011-01-10,43.854801,305.12048300000004,23.408154999999997,154.347,16.450134,25.402983,13.518182000000001,47.633083
2011-01-11,43.751068,306.014679,23.31691,153.983307,16.736355,25.321478,13.790422,47.924126
2011-01-12,44.107085999999995,306.44189500000005,23.681883,156.083572,16.935122,26.000698,14.072054000000001,49.282291
2011-01-13,44.268444,306.35247799999996,23.383274,155.992676,16.927176,25.629391000000002,13.865525,48.894245
2011-01-14,44.62701,310.073273,23.474516,159.11123700000002,16.76021,26.245217999999998,14.316132000000001,49.767361
2011-01-18,43.624294,317.748352,23.773127,158.82028200000002,16.76021,26.036924,14.081442000000001,46.565956
2011-01-19,43.392506,313.833801,23.615528,151.373917,16.704552,25.131292000000002,13.490019,46.177902
2011-01-20,42.603642,311.359894,23.515991,150.646515,16.656852999999998,26.281443,13.649610999999998,46.565956
2011-01-21,41.840389,303.938171,23.242262,151.110229,16.553492000000002,27.178022,13.377369,47.439071999999996
2011-01-24,43.2145,303.565613,23.540869,151.20114099999998,16.887417000000003,26.942559999999997,13.067578,47.148029
2011-01-25,43.720352,307.95205699999997,23.598934,147.273392,17.13389,26.571251,12.795334,46.759983
2011-01-26,44.034092,306.258087,23.872667,146.66421499999998,17.292912,26.272394,12.720232000000001,46.662956
2011-01-27,43.952141,306.402161,23.947323,149.13725300000002,17.292912,27.079796,12.832887,46.856991
2011-01-28,43.041607,298.55319199999997,23.018297,147.08244299999998,17.062338,26.344966999999997,12.767173,45.789856
2011-01-31,43.453972,298.240234,23.001704999999998,148.76445,17.062338,26.671553000000003,12.889211,46.759983
2011-02-01,44.185204,303.545715,23.217369,150.319199,17.078235999999997,27.143296999999997,13.433695000000002,47.536079
2011-02-02,44.094288,304.02261400000003,23.175895999999998,150.06458999999998,17.141845999999997,26.907425,13.367981,47.051006
2011-02-03,43.981586,303.103607,22.935343,149.69186399999998,17.294989,27.043505,13.546345,46.662956
2011-02-04,44.373455,303.51592999999997,23.034887,149.86459399999998,17.383188,27.079796,13.414918,46.759983
2011-02-07,45.062424,305.160217,23.391560000000002,151.95578,17.391205,27.596897,13.771647,47.536079
2011-02-08,45.487595,307.19201699999996,23.457924,153.246872,17.351118,27.796476000000002,13.715323000000001,47.439071999999996
2011-02-09,45.866653,306.258087,23.200781,150.937424,17.206791,27.288452000000003,13.743485999999999,46.953995
2011-02-10,45.403076,306.228271,22.810925,150.328278,17.479408,26.970926000000002,13.602670000000002,46.371933
2011-02-11,45.698890999999996,310.232239,22.603552,151.52848799999998,17.447336,27.361023,13.865525,47.342048999999996
2011-02-14,45.997279999999996,312.04544100000004,22.586962,152.310394,17.294989,27.197725,13.978176000000001,47.633083
2011-02-15,46.089484999999996,310.05838,22.495173,152.664978,17.198774,27.50617,13.865525,47.633083
2011-02-16,46.503132,310.09314,22.545244,153.48323100000002,17.439318,27.859983000000003,13.931241,47.536079
2011-02-17,45.884586,310.609772,22.703777,151.983063,17.615710999999997,27.841834999999996,13.903078,47.924126
2011-02-18,44.893390999999994,313.004211,22.578623,152.783173,17.75202,28.113996999999998,13.846748999999999,47.633083
2011-02-22,43.363049,303.133423,22.186451,148.146194,17.487425,26.780418,13.311654,45.498829
2011-02-23,43.876579,303.684814,22.186451,148.282562,16.958229,26.898355,13.302269,45.595821
2011-02-24,43.90987,302.442902,22.336641,148.60083,17.070482000000002,26.753202,13.114513,45.498829
2011-02-25,44.586033,303.04895,22.153074,150.128265,17.527515,27.097934999999996,13.330429,45.595821
2011-02-28,45.232760999999996,304.71810899999997,22.178112,149.226257,17.214809,26.925565999999996,13.414918,45.401806
2011-03-01,44.733311,298.43893399999996,21.827667,146.975723,17.150667000000002,26.145386,13.076967,44.334656
2011-03-02,45.093159,298.45385699999997,21.760918,147.32196000000002,17.230844,26.281453999999997,12.992416,44.625702000000004
2011-03-03,46.045944,302.810516,21.861042,149.873154,17.47139,26.589904999999998,13.405768,45.401806
2011-03-04,46.102287,298.369385,21.652449,146.693268,17.286974,25.80065,13.264853,44.043621
2011-03-07,45.508083,293.918335,21.460537,145.007645,17.006335999999997,25.691779999999998,13.180303,43.849609
2011-03-08,45.559307000000004,294.241241,21.619068,146.966599,16.9422,26.127234,13.800329999999999,45.013756
2011-03-09,45.137989000000005,293.972992,21.602379,147.923294,16.998322,26.054659,13.706388,45.110775
2011-03-10,44.395222,288.275055,21.201874,146.028183,16.66958,25.464983,13.396374,44.043621
2011-03-11,45.076508000000004,286.49163799999997,21.427158,146.401718,16.733723,25.709927,13.509109,44.334656
2011-03-14,45.27758,283.153351,21.435499,144.351624,16.709671,25.319832,13.368192,44.043621
2011-03-15,44.236427,282.939758,21.185181,143.27650500000001,16.180475,25.08396,13.114542000000002,43.073502000000005
2011-03-16,42.261719,276.75,20.684557,140.661545,15.883809,24.594079999999998,12.860892,42.588444
2011-03-17,42.854637,278.866241,20.676207,141.909775,15.95597,24.902521,13.133332000000001,43.170509
2011-03-18,42.346233000000005,278.71722400000004,20.6929,145.745712,15.980023000000001,24.88438,13.189698000000002,43.655571
2011-03-21,43.451412,286.387329,21.135122,145.97349499999999,16.188498000000003,25.210974,13.199093,42.976501
2011-03-22,43.694733,286.794678,21.11009,146.501938,16.156423999999998,25.183757999999997,13.039388,42.879490000000004
2011-03-23,43.437321000000004,289.199036,21.310347,145.353897,16.268681,25.011387,12.823316,42.685452000000005
2011-03-24,44.177521,291.548767,21.535626999999998,145.70013400000002,16.340839000000003,25.047674,12.663614,42.976501
2011-03-25,45.018883,287.996857,21.3771,143.932541,16.332819,24.612225,12.532088,43.267525
2011-03-28,44.878029,285.821014,21.201874,142.565826,16.308769,24.657579000000002,12.56027,42.976501
2011-03-29,44.944611,288.98544300000003,21.268623,144.388092,16.260658,24.702938,12.541487,43.170509
2011-03-30,44.646229,289.04007,21.368748,144.934799,16.404984,24.702938,12.635429,43.170509
2011-03-31,44.630859,291.484161,21.185181,144.506546,16.180475,24.784588,12.522697,42.879490000000004
2011-04-01,44.125027,293.987885,21.260282999999998,145.991714,15.811651000000001,24.730154000000002,12.56027,43.170509
2011-04-04,43.693443,291.941193,21.318686,144.779892,15.627235999999998,24.585003,12.626036000000001,42.976501
2011-04-05,43.398903000000004,282.706268,21.510595000000002,144.78898600000002,15.803629999999998,24.657579000000002,12.654222,43.364544
2011-04-06,43.290058,285.234833,21.819319,147.504196,15.996063000000001,25.183757999999997,12.889074,44.528690000000005
2011-04-07,43.295177,288.12600699999996,21.861042,147.968842,16.060213,25.056747,12.785739999999999,44.431675
2011-04-08,42.908432,287.211975,21.752573,146.65686000000002,16.052185,24.721080999999998,12.663614,44.237644
2011-04-11,42.362888,286.819519,21.677477,147.121506,16.13237,24.41264,12.673003999999999,43.946609
2011-04-12,42.567787,283.461365,21.393782,146.164825,15.843717999999999,24.321918,12.654222,44.140644
2011-04-13,43.045452000000004,286.278046,21.385435,145.936996,15.859753,24.303776,12.466330000000001,43.655571
2011-04-14,42.570339000000004,287.385834,21.210214999999998,141.946274,15.699391,24.303776,12.334808,42.976501
2011-04-15,41.935154,263.635315,21.168497,141.344925,15.835702,24.476139,12.043584,42.879490000000004
2011-04-18,42.497345,261.717773,20.926527,140.11488300000002,15.731461999999999,24.086042000000003,11.667810000000001,42.879490000000004
2011-04-19,43.266994,259.079926,20.984935999999998,138.36549399999998,15.923901,23.677809,11.592652000000001,43.946609
2011-04-20,43.849674,261.16635099999996,21.493911999999998,139.130814,17.166698,23.623376999999998,11.526895,44.334656
2011-04-21,44.911324,260.853394,21.293654999999998,139.868851,17.206791,24.022545,11.564471000000001,44.140644
2011-04-25,45.207138,260.828552,21.368748,138.66618300000002,17.591665,23.387504999999997,11.686596,43.849609
2011-04-26,44.875469,264.688446,21.852701,139.65016200000002,18.024632999999998,23.451014,11.489314,43.752594
2011-04-27,44.840878000000004,267.142487,22.011236,139.276611,18.144907,23.178320000000003,11.583258,43.752594
2011-04-28,44.40546,267.246826,22.286583,137.217422,18.281212,23.469191,11.667810000000001,44.528690000000005
2011-04-29,44.83831,270.292023,21.627411,137.591003,18.561844,23.769138,11.536287,44.528690000000005
2011-05-02,44.345279999999995,267.539917,21.410469,137.85523999999998,18.369410000000002,23.66007,11.592652000000001,43.558567
2011-05-03,44.591164,265.22000099999997,21.535626999999998,138.374603,18.625992,23.378294,11.836909,43.849609
2011-05-04,44.766602,266.163849,21.744226,138.05571,18.990444,23.087426999999998,11.733566,43.849609
2011-05-05,44.40546,265.408783,21.518942000000003,137.04435700000002,19.079338,22.851095,11.555076,43.461548
2011-05-06,44.393951,265.92044100000004,21.585698999999998,136.761902,18.788424,22.941996,11.564471000000001,43.849609
2011-05-09,44.514328000000006,267.102753,21.552317000000002,135.868942,18.392448,22.796557999999997,11.442343,42.840672
2011-05-10,44.751236,269.57666,21.418817999999998,137.035202,18.610634,23.141962,11.536287,42.879490000000004
2011-05-11,44.466934,265.994965,21.160152,134.73911999999999,18.917715,22.36935,11.508105,41.637718
2011-05-12,44.382416,265.796265,21.12678,130.065033,19.160142999999998,22.278461,11.461132000000001,41.152664
2011-05-13,43.605090999999994,263.06402599999996,20.884804000000003,128.889648,18.917715,21.933058,11.207484,40.289246
2011-05-16,42.683044,257.534973,20.500982,128.106064,19.103579999999997,21.705820000000003,11.141721,39.959404
2011-05-17,43.04673,263.516083,20.593376,128.297424,19.030851000000002,21.996682999999997,11.179300999999999,40.298953999999995
2011-05-18,43.524403,263.193176,20.736147,128.324738,19.297523,22.151211,11.075964,40.007919
2011-05-19,43.608928999999996,263.908539,20.761341,126.958031,19.02277,22.087574,10.982019000000001,40.14373
2011-05-20,42.928921,260.321869,20.568172,122.99456799999999,18.764179000000002,21.660372,10.878681,39.794478999999995
2011-05-23,42.823906,257.520081,20.299419,123.769051,18.473260999999997,21.533117,10.728372,38.960182
2011-05-24,42.540894,257.45550499999996,20.282623,124.224617,18.27124,21.387684,10.765947,39.299717
2011-05-25,43.128693,258.15594500000003,20.316219,124.13351399999999,18.327799,21.414951000000002,10.690795,39.134762
2011-05-26,42.900745,257.39092999999997,20.719343,124.15171799999999,18.182344,21.405867,10.765947,39.028034000000005
2011-05-27,43.209362,258.766968,20.794937,126.66372700000001,17.94799,21.878523,10.982019000000001,39.755802
2011-05-31,44.543766,262.80072,21.004901999999998,128.554733,18.190424,21.960325,11.038386000000001,39.93047
2011-06-01,44.246666,261.101776,20.517782,124.389191,17.77829,21.024103,10.568265,38.474918
2011-06-02,44.322235,262.323822,20.341413,122.754074,17.851019,20.915029999999998,10.61528,38.824234000000004
2011-06-03,43.981586,259.849915,20.081055,123.62186399999999,17.560102,21.015015,10.605875,38.668987
2011-06-06,43.290058,258.846466,20.165036999999998,122.31561299999998,17.640915,20.469639,10.18277,36.941746
2011-06-07,42.521679,257.838013,20.207031,121.484344,17.826777,20.233313,10.013527999999999,36.466263
2011-06-08,42.547278999999996,257.907562,20.106251,120.205444,17.632832,19.933360999999998,9.9101,35.719078
2011-06-09,42.451248,256.69543500000003,20.123047,121.9776,17.584343,20.460556,10.013527999999999,36.650631
2011-06-10,41.735386,253.10876499999998,19.913082,124.160843,17.277264000000002,20.624166,10.15456,36.796188
2011-06-13,41.825024,250.73422200000002,20.190233,125.631561,17.285341,21.233162,10.314406,38.00914
2011-06-14,42.572899,252.54245,20.341413,125.238777,17.632832,20.724145999999998,10.15456,37.630691999999996
2011-06-15,41.844238,249.84996,19.93828,123.183449,17.309586,20.069698000000002,9.872491,36.873816999999995
2011-06-16,41.640614,248.568298,20.156639000000002,124.31613899999999,17.309586,20.124239000000003,9.966514,36.514778
2011-06-17,41.013111,240.942902,20.375007999999998,125.357506,17.123726,20.751417,10.041732000000001,37.164921
2011-06-20,40.380489000000004,240.724319,20.551373,123.448334,17.23686,20.351471,9.966514,37.029076
2011-06-21,41.658539000000005,244.90712000000002,20.794937,124.19738000000001,17.495451,20.687794,10.18277,38.144989
2011-06-22,41.314056,241.931473,20.702548999999998,122.882011,17.293426999999998,20.542353,10.145162,38.339058
2011-06-23,42.41795,238.55841099999998,20.685755,120.90883600000001,17.543945,20.315119,10.069942,38.242022999999996
2011-06-24,41.793007,235.90565499999997,20.408598,119.584267,17.131807000000002,20.187864,9.891297,38.416691
2011-06-27,42.521679,239.840073,21.164476,119.401627,17.244938,20.487822,10.201575,38.804848
2011-06-28,42.934048,245.230011,21.66839,118.07703400000001,17.366152,20.29694,10.173366999999999,38.960106
2011-06-29,42.777798,247.17735299999998,21.517216,121.06415600000001,17.285341,21.260429000000002,10.474243,40.270081
2011-06-30,42.986546000000004,251.553879,21.836361,121.575676,17.907585,20.915029999999998,10.304999,40.405933000000005
2011-07-01,43.958538,258.831543,21.853161,124.82768999999999,18.206583,21.596743,10.427234,41.609192
2011-07-05,44.74868,264.49969500000003,21.861557,122.863701,18.133856,21.042284,10.342611,41.308376
2011-07-06,45.04707,265.950256,22.113514000000002,122.306473,18.384369,20.660524,10.09815,40.764977
2011-07-07,45.743717,271.533936,22.483055,123.32959,18.772259,20.905936999999998,10.267389999999999,41.366596
2011-07-08,46.065159,264.276154,22.609032,122.480049,18.659126,20.269672,10.060539,40.784393
2011-07-11,45.333923,261.936371,22.365475,120.598274,18.465179,19.615223,9.731457,38.610766999999996
2011-07-12,45.30191,265.279602,22.28989,119.03620900000001,18.141935,19.288,9.599822999999999,37.912102000000004
2011-07-13,45.848728,267.390869,22.365475,118.679947,18.166176,19.360714,9.590422,38.300255
2011-07-14,45.816708,262.760986,22.231094,118.652527,17.996477,19.188015,9.46819,37.863586
2011-07-15,46.732353,296.879089,22.491453,118.89915500000001,18.077285999999997,19.169836,9.402372999999999,37.242546000000004
2011-07-18,47.869545,295.54776,22.331877,118.14096799999999,18.004557000000002,18.806261,9.139104,36.621513
2011-07-19,48.260139,299.328156,23.129745,117.37366499999999,18.634882,19.069853,8.998075,36.893227
2011-07-20,49.547165,295.75143399999996,22.726612,121.265091,18.578310000000002,19.742479,9.261335,37.475445
2011-07-21,49.597107,301.533813,22.760208,123.85026599999999,18.432858,21.996682999999997,9.618625999999999,39.125053
2011-07-22,50.366749,307.117493,23.121346,123.768074,18.691451999999998,21.724001,9.524602999999999,39.066826
2011-07-25,51.032669,307.490082,23.440496,125.010391,18.610634,21.178627,9.411777,38.727211
2011-07-26,51.661460999999996,309.248627,23.583269,125.69548799999998,18.505579,21.378595,9.402372999999999,38.542839
2011-07-27,50.275828999999995,301.648071,22.953375,123.064674,18.206583,20.531462,9.101497,37.135807
2011-07-28,50.177219,303.496063,23.280918,124.08778400000001,18.22275,20.367506,9.204922,37.058163
2011-07-29,50.005619,299.89447,23.012167,123.29306799999999,18.044964,20.267311,9.129703999999998,37.213474
2011-08-01,50.808563,301.42453,22.902981,122.54396799999999,17.972231,20.303739999999998,9.223727,37.349358
2011-08-02,49.804569,294.28595,22.508253,119.87663300000001,17.552023000000002,19.411076,8.922851,35.95166
2011-08-03,50.273272999999996,298.642609,22.609032,120.653053,17.79682,19.146921,8.969863,36.165199
2011-08-04,48.326725,286.894043,21.785971,115.30918100000001,17.013466,17.944532000000002,8.302297,33.787178000000004
2011-08-05,47.846497,287.649109,21.567612,114.350029,16.964506,18.236025,7.681738,32.457439
2011-08-08,45.232760999999996,271.245819,20.559773999999997,107.48061399999999,16.40963,15.594443,6.120945,27.128747999999998
2011-08-09,47.896442,284.852325,21.483622,112.111984,16.809465,16.587311,7.145803,30.885040000000004
2011-08-10,46.574847999999996,272.73114,20.324617,100.793922,16.262749,14.984145999999999,6.365407,27.652882
2011-08-11,47.856747,279.24874900000003,21.156075,107.88256799999999,16.940029,16.587311,6.816721,29.399994
2011-08-12,48.278057000000004,280.063446,21.080485999999997,106.39356200000002,16.850267000000002,15.384935,6.760306,28.972919
2011-08-15,49.100227000000004,276.814575,21.424829000000003,108.823425,17.046104,16.323154000000002,7.296241,30.351196
2011-08-16,48.725002,267.758484,21.424829000000003,106.758972,16.964506,15.548893,6.957757000000001,29.060276
2011-08-17,48.719871999999995,264.85238599999997,21.340315,107.106094,16.866585,15.494245999999999,7.014171000000001,28.972919
2011-08-18,46.877071,250.808731,20.850119,103.351646,16.132195,14.756426000000001,6.591063,27.157867
2011-08-19,45.59388,243.87384,20.326122,102.091072,15.658919000000001,14.574245000000001,6.553453,25.983418
2011-08-22,45.646389,247.47541800000002,20.266962,97.29525799999999,15.813954999999998,14.273651999999998,6.036325,25.294289000000003
2011-08-23,47.843933,257.733704,20.892378,97.614975,16.083231,14.355632,5.923496,26.517259999999997
2011-08-24,48.174328,259.954254,21.044504,100.766502,16.156672,14.874838,6.572258000000001,27.614061
2011-08-25,47.859314000000005,258.339752,20.765601999999998,100.337158,15.846594,15.275635000000001,7.1928160000000005,28.953503
2011-08-26,49.121994,261.727722,21.340315,102.081917,16.132195,15.129889000000002,7.296241,28.963210999999998
2011-08-29,49.940308,267.798218,21.838964,106.028168,16.564674,15.776619,7.888591,30.370613
2011-08-30,49.942867,268.602997,22.168575,105.53341699999999,16.515711,15.521567999999998,7.634728,30.030893
2011-08-31,49.282074,268.732147,22.481282999999998,106.486282,16.425945000000002,15.940581,7.691211999999999,30.137663
2011-09-01,48.795441,264.52948,22.151670000000003,102.766335,16.311712,15.421370000000001,7.446447999999999,29.118513
2011-09-02,47.901558,260.724243,21.805153,98.093475,16.026112,14.537809,6.825125999999999,27.565527000000003
2011-09-06,48.63023,259.402832,21.560057,95.802841,15.944517000000001,13.963946,6.580361999999999,26.886096999999996
2011-09-07,49.166813,265.28955099999996,21.97419,99.266258,16.385145,14.874838,7.041647,28.128487
2011-09-08,49.193709999999996,265.751556,22.160118,96.013588,16.238272,14.428501999999998,6.778055,27.157867
2011-09-09,48.340813,260.729218,21.75444,93.686325,16.075069,13.918401999999999,6.570949000000001,25.954306
2011-09-12,48.655846000000004,263.347168,21.881218,94.300201,16.548348999999998,13.708898000000001,6.636847,26.167839
2011-09-13,49.255179999999996,263.049133,22.007994,95.372215,16.940029,14.155234,6.589777000000001,26.255194
2011-09-14,49.8545,264.31588700000003,22.396765,95.784531,17.233786,14.100579999999999,6.636847,26.585205
2011-09-15,50.323219,269.526978,22.810894,98.927246,17.576501999999998,15.111672,6.900438,27.749943
2011-09-16,51.288807,271.573669,22.920769,98.487465,17.927376000000002,14.984145999999999,6.806297,28.138192999999998
2011-09-19,52.714119,271.568695,22.996838,96.031891,17.894739,13.799989000000002,6.580361999999999,26.8958
2011-09-20,52.947201,271.54882799999996,22.802443,94.016182,18.115057,13.772658999999999,6.495637,26.138721
2011-09-21,52.779442,267.85784900000004,21.965734,89.664009,17.902897,12.588506,6.006111,24.770147
2011-09-22,51.457844,258.647736,21.179733,86.108963,17.641785000000002,11.896224,5.704865,23.255989000000003
2011-09-23,51.775436,261.057068,21.179733,87.208443,18.082420000000003,12.497417,5.940213,24.246016
2011-09-26,51.630714000000005,264.226471,21.500895,90.836777,18.147692000000003,13.308107000000001,6.2132190000000005,25.934887
2011-09-27,51.130005,267.92739900000004,21.695286,91.212456,18.392492,13.636026999999999,6.10025,26.196955
2011-09-28,50.841862,262.711304,21.619221,88.252983,18.204811,12.898206,5.799004,25.158398000000002
2011-09-29,50.017146999999994,262.045654,21.50935,91.50565300000001,18.123215,13.745335,5.977869999999999,26.1096
2011-09-30,48.832569,255.855911,21.036054999999998,86.63121,17.413303,12.306128999999999,5.761347,24.86721
2011-10-03,47.971996000000004,246.15896600000002,20.7318,82.535591,16.825785,11.358803,5.205925,22.430964000000003
2011-10-04,47.703072,249.328354,21.416377999999998,86.658684,17.315382,12.761575,5.422445,23.673353
2011-10-05,48.439415000000004,250.719315,21.881218,86.392975,17.829456,13.189689999999999,5.431858,23.983952
2011-10-06,48.326725,255.691971,22.261539000000003,89.728134,17.976339000000003,13.827314999999999,5.9119720000000004,25.255465
2011-10-07,47.357307,255.89564500000003,22.185472,84.927002,18.188503,12.971079,5.554241,23.9063
2011-10-10,49.791752,266.849396,22.768641,88.08805100000001,18.669928,13.927513000000001,5.9119720000000004,25.711651
2011-10-11,51.261902,269.834991,22.819349,88.601128,18.759689,14.0186,5.996696,27.021978000000004
2011-10-12,51.505219,272.477783,22.785542,90.809303,18.86577,14.428501999999998,6.19439,28.342024
2011-10-13,52.304328999999996,277.688904,22.971476000000003,88.09721400000001,19.086085999999998,13.790876,5.855486,26.827858000000003
2011-10-14,54.04213000000001,293.92828399999996,23.047539,88.628639,19.175846,13.863748999999999,5.827245,27.565527000000003
2011-10-17,53.784729000000006,289.323242,22.802443,88.78439300000001,18.996328,13.891077,5.676622,27.109340999999997
2011-10-18,54.07286800000001,293.347046,23.081345000000002,93.686325,19.094244,15.148106,6.250873,29.002041
2011-10-19,51.048041999999995,288.473755,22.929216,92.348587,19.779682,15.157214999999999,6.024939,28.526442
2011-10-20,50.624161,289.949158,22.853153,92.41272,19.265606,15.129889000000002,6.0908370000000005,29.196165
2011-10-21,50.311690999999996,293.337128,22.954570999999998,93.539711,19.608322,15.503351,6.081422,29.409702000000003
2011-10-24,51.963688,296.282959,22.979929000000002,95.271431,20.065281,15.621769,6.326186,30.671497
2011-10-25,50.93919,289.69580099999996,22.65877,92.027924,20.097918,15.047906,6.081422,29.992072999999998
2011-10-26,51.301609,291.26062,22.47283,97.424614,20.155043,15.157214999999999,6.203805,30.234721999999998
2011-10-27,51.825382,297.400696,23.030635999999998,106.651222,20.50592,17.733665,6.7968839999999995,33.165989
2011-10-28,51.858684999999994,298.130951,22.802443,106.156456,20.383518,17.642301999999997,6.919264999999999,33.156273
2011-10-31,51.836906,294.40518199999997,22.506636,100.374939,20.024483,16.116531,6.429739,30.661796999999996
2011-11-01,50.777836,287.455383,21.965734,94.868286,19.502245000000002,14.828301000000002,6.024939,28.312898999999998
2011-11-02,50.893097,290.52044700000005,21.982637,97.241371,19.461447,15.312535,6.326186,28.953503
2011-11-03,51.61792,296.81948900000003,22.422119,98.66154499999999,19.922461,15.486120000000001,6.505051,29.885616
2011-11-04,51.255497,296.14386,22.185472,96.242645,19.543764000000003,15.275985,6.109665000000001,29.458401000000002
2011-11-07,51.190201,302.199493,22.650312,96.72827099999999,19.988319,15.458715,6.072008,29.662296
2011-11-08,52.022597999999995,304.191528,22.954570999999998,99.486168,20.375242,15.824171,6.14732,30.507016999999998
2011-11-09,50.620323,298.533325,22.143221,91.322388,19.626093,14.398895000000001,5.799004,28.011698
2011-11-10,49.332012,295.61731000000003,22.210831,91.166618,19.807213,14.490260000000001,5.676622,27.798088
2011-11-11,49.255179999999996,302.209412,22.74328,93.145729,20.457569,14.947078,5.846074,28.477746999999997
2011-11-14,48.56876,304.519409,22.616507000000002,90.97421999999999,20.276453,14.545076000000002,5.69545,27.555353000000004
2011-11-15,49.794319,306.287903,22.769781,91.395699,20.860955999999998,14.554214000000002,5.770762,27.205814
2011-11-16,49.274384000000005,303.759338,22.199263000000002,87.593254,20.531660000000002,13.393896,5.554241,26.079521
2011-11-17,48.331852000000005,298.49359100000004,21.747951999999998,84.615486,20.037716,12.90967,5.460102,25.244509
2011-11-18,48.01553,295.517944,21.543589,84.21231800000001,19.996557,12.982761,5.441274,25.516376
2011-11-21,47.25613,288.592987,21.28813,83.653397,19.403822,12.425445,5.168267,24.273569000000002
2011-11-22,48.216595,288.12600699999996,21.109306,81.912552,19.132147,12.352352999999999,5.055299,23.749254
2011-11-23,46.997444,283.212982,20.836817,80.528999,18.687595,11.904671,4.838779,22.826866
2011-11-25,46.559467,279.680939,20.692062,81.316963,18.712294,12.114809,4.867021,22.943376999999998
2011-11-28,48.166649,292.19455,21.177429,83.176956,19.313259,12.608171,4.942332,24.322113
2011-11-29,47.792716999999996,289.581543,21.151882,81.686874,19.412054,12.160489,4.7822949999999995,24.50659
2011-11-30,48.945263,297.75836200000003,21.782014999999998,88.17145500000001,20.506961999999998,13.512671,5.131298999999999,26.681504999999998
2011-12-01,49.679054,304.90191699999997,21.526557999999998,86.856125,20.515194,13.256854,5.2161919999999995,26.205738
2011-12-02,49.905735,308.175629,21.475464000000002,89.449951,20.284682999999998,14.179626,5.319948,27.351453999999997
2011-12-05,50.329624,310.803528,21.884195000000002,91.813828,20.589289,15.138943,5.461437,28.963213
2011-12-06,50.065807,309.869598,21.850142,93.04634899999999,20.86919,15.148079999999998,5.452006,28.885541999999997
2011-12-07,49.827618,309.680817,21.799046,96.69792199999999,21.12439,15.842439,5.555763,28.963213
2011-12-08,50.028664,306.034546,21.628735,91.9058,20.342318,14.508531,5.272787,26.943655
2011-12-09,50.407734000000005,311.6828,21.884195000000002,93.31308,20.589289,14.965351,5.39541,27.934016999999997
2011-12-12,50.179783,310.674377,21.722407999999998,90.167381,19.757814,14.051714000000002,5.140731,26.429056
2011-12-13,49.791752,310.793579,21.935287,87.417198,19.395582,13.85985,5.01811,26.118358999999998
2011-12-14,48.687859,307.038025,21.790531,85.770775,19.189774,13.759355,4.933216000000001,25.293056
2011-12-15,48.527798,307.76825,21.764979999999998,84.52906800000001,19.189774,13.713669,4.961514,25.166836
2011-12-16,48.794159,310.95752000000005,22.139651999999998,82.873421,19.123913,13.686257999999999,4.904918,25.27364
2011-12-19,48.946545,308.905853,21.739437,80.665932,19.016895,12.937078,4.706834,24.098797
2011-12-20,50.706123,313.148285,22.165198999999998,83.682846,19.626093,13.521804999999999,4.87662,25.195965
2011-12-21,50.770148999999996,310.88797,21.935287,84.62101700000001,19.494377,13.622307000000001,4.933216000000001,25.3416
2011-12-22,51.039078,312.81543,21.977860999999997,86.84693100000001,19.774273,14.508531,5.1595949999999995,26.846566999999997
2011-12-23,51.651207,314.524323,22.165198999999998,86.267487,20.087112,14.398895000000001,5.28222,26.662084999999998
2011-12-27,52.061012,318.056335,22.173714,84.52906800000001,20.218832,13.969488,5.169029,26.118358999999998
2011-12-28,51.562847,317.783142,21.986376,82.89183,19.947163,13.613170000000002,4.989809999999999,25.370731
2011-12-29,51.880451,319.12439,22.156682999999997,83.710449,20.210594,13.923805999999999,5.150163,25.982423999999998
2011-12-30,51.865078000000004,320.863098,22.105593,83.176956,19.963623000000002,13.823307000000002,5.244491,25.545504
2012-01-03,52.662898999999996,330.555054,22.795326,87.71154,20.202368,14.691257,5.47087,27.506805
2012-01-04,52.945918999999996,331.980774,23.331791,87.141273,20.671612,14.563351999999998,5.480301,27.351453999999997
2012-01-05,53.533730000000006,327.37573199999997,23.570217,86.99410999999999,20.910353,14.873985999999999,5.95193,27.681573999999998
2012-01-06,54.093361,322.90979,23.936375,85.927139,20.786865,14.526805,5.829307,27.720413
2012-01-09,54.00755699999999,309.218842,23.621305,87.095261,20.967980999999998,14.800894,5.914199,28.23501
2012-01-10,54.200931999999995,309.556641,23.706455,90.443352,21.066769,15.431308,6.253769999999999,29.128279
2012-01-11,54.112568,310.95752000000005,23.60428,91.758636,21.239647,15.623172,6.4801519999999995,30.361378000000002
2012-01-12,53.96402,312.78564500000005,23.842705,93.092354,21.198488,15.687126999999998,6.404692,30.681784000000004
2012-01-13,53.761677,310.47564700000004,24.055588,91.02280400000001,20.69631,15.193757000000002,6.234906,29.846773
2012-01-17,54.387896999999995,312.259064,24.064098,89.84545899999999,20.613986999999998,14.846576999999998,6.1122819999999995,27.4
2012-01-18,54.952656000000005,314.410065,24.038555,95.94369499999999,20.902113,15.851581,6.414124,28.18647
2012-01-19,54.778484,317.718536,23.944885,99.043419,21.099697,16.701263,6.565044,28.477746999999997
2012-01-20,53.824425,291.101654,25.298810999999997,100.018394,21.717129,16.801758,6.668802,28.778741999999998
2012-01-23,54.734936,290.868195,25.315845,99.512489,21.9888,16.637302,6.838589,28.982635
2012-01-24,53.838519999999995,288.588013,24.983749,100.137978,22.145218,16.573349,6.8763179999999995,29.031181
2012-01-25,57.20014200000001,282.904968,25.171083,99.586067,22.145218,16.564211,6.932913,29.089439000000002
2012-01-26,56.940166000000005,282.214478,25.119987,99.85282099999999,22.021729999999998,16.628168,6.885749000000001,29.497234000000002
2012-01-27,57.279537,288.116089,24.890079,102.805351,22.005262,17.00379,6.8763179999999995,29.973
2012-01-30,58.013325,286.97848500000003,25.213661,100.928993,22.013494,16.673977,6.668802,29.351595
2012-01-31,58.457703,288.18066400000004,25.145538000000002,102.52941899999999,21.750057,17.086246,6.725397999999999,29.82736
2012-02-01,58.420567000000005,288.53833,25.452087,104.35060899999999,21.85708,17.764194,6.942346000000001,30.681784000000004
2012-02-02,58.283543,290.66452000000004,25.503176,104.29541800000001,21.807684,17.883293,7.0272380000000005,31.070286
2012-02-03,58.867512,296.238251,25.750120000000003,108.10336299999999,22.189404,18.607059,7.3951080000000005,32.575726
2012-02-06,59.416889000000005,302.577026,25.716057,107.974602,22.172808,18.790285,7.51773,32.342628000000005
2012-02-07,60.03926800000001,301.42453,25.843788,106.677696,22.106422,18.561251000000002,7.404539,32.119236
2012-02-08,61.044559,302.95455899999996,26.107758999999998,106.834061,22.280684,18.726162,7.66865,33.24588
2012-02-09,63.156296,303.754364,26.201431,106.58571599999999,22.288985999999998,18.634544,7.715814999999999,32.692268
2012-02-10,63.188316,300.997314,25.971519,104.96688799999998,22.156212,18.011554999999998,7.612056,31.983266999999998
2012-02-13,64.36393699999999,304.121979,26.039639,105.34400900000001,22.156212,17.901623,7.781842999999999,31.9347
2012-02-14,65.242439,302.909851,25.928210999999997,103.817139,22.222593,17.452704999999998,7.527162,31.157698
2012-02-15,63.732581999999994,300.823425,25.756785999999998,104.093048,22.056631,17.370252999999998,7.338512,30.808048
2012-02-16,64.313988,301.300323,26.819634999999998,105.537148,22.264084,17.580967,7.63092,31.769592
2012-02-17,64.302437,300.366394,26.785343,106.61331899999999,22.712193,17.55348,7.564893,31.973551
2012-02-21,65.932671,305.01617400000003,26.948196000000003,107.27555100000001,22.53793,17.645098,7.6497839999999995,32.400906
2012-02-22,65.700882,302.005737,26.802488,105.187614,22.181108,17.159534,7.4988649999999994,31.429646999999996
2012-02-23,66.12988299999999,301.096649,26.888196999999998,106.512123,22.123018,17.379414,7.564893,31.769592
2012-02-24,66.900826,302.979401,26.982478999999998,106.57651499999999,22.156212,16.939659,7.432838,31.419937
2012-02-27,67.32985699999999,302.68631,26.871056,106.90765400000001,22.313875,17.177856,7.583758,31.983266999999998
2012-02-28,68.565636,307.196991,27.316763,108.04241200000001,22.604311,17.141211,7.659217999999999,32.517452
2012-02-29,69.46592700000001,307.12744100000003,27.205339000000002,106.22493,22.305578,16.985468,7.527,32.362057
2012-03-01,69.725853,309.18902599999996,27.676762,111.751152,22.288985999999998,17.580967,7.668661999999999,33.148765999999995
2012-03-02,69.816811,308.61773700000003,27.496767,110.67173799999999,22.338774,17.287798000000002,7.678107000000001,33.119621
2012-03-05,68.277496,305.14035,27.256762,109.44471000000001,22.023441000000002,16.756437,7.527,32.711704
2012-03-06,67.90610500000001,300.52536000000003,27.051058,104.86875900000001,22.081526,15.867761999999999,7.281452000000001,31.196545
2012-03-07,67.961189,301.439423,27.29105,107.38739,22.330475,16.380804,7.574222,32.284344
2012-03-08,69.40827900000001,301.608337,27.436764,108.097771,22.272382999999998,16.655653,7.611998,33.022507
2012-03-09,69.815529,298.185577,27.419621999999997,108.208473,22.463247,16.829721,7.6025529999999995,33.216751
2012-03-12,70.690186,300.61975099999995,27.462475,107.931694,22.396854,16.673977,7.545888000000001,33.304165000000005
2012-03-13,72.751968,306.89395099999996,28.002470000000002,114.89713300000001,22.811766,17.342766,8.018094999999999,35.402065
2012-03-14,75.502739,306.00473,28.088184000000002,111.049995,22.786875,17.040434,8.348642,34.197708
2012-03-15,74.987938,308.558136,28.156747999999997,113.5317,23.027523000000002,17.874138000000002,8.726405999999999,35.227242
2012-03-16,74.98921999999999,310.50048799999996,27.942469,113.411781,23.010923000000002,17.892457999999998,9.25528,35.635155
2012-03-19,76.97802,314.94162,27.599611,114.67571299999999,23.019223999999998,18.378017,9.000289,36.101364000000004
2012-03-20,77.60039499999999,314.69818100000003,27.419621999999997,116.26252,23.027523000000002,18.698671,9.264725,36.985191
2012-03-21,77.157318,317.922211,27.351049,116.23483999999999,23.052418,18.378017,9.274171,36.713253
2012-03-22,76.75264,320.93762200000003,27.42819,115.081627,23.151993,17.947428,9.0664,35.839127000000005
2012-03-23,76.331329,319.218781,27.436764,116.410118,23.135397,18.625378,9.302502,36.062504
2012-03-26,77.731018,322.56701699999996,27.933901000000002,118.153793,23.392645,19.394947,9.378057,36.353889
2012-03-27,78.69149,321.419464,27.873897999999997,116.548515,23.392645,18.982679,9.0664,35.722569
2012-03-28,79.093597,325.76122999999995,27.591043,116.576202,23.069017000000002,18.542925,9.208061,35.99453
2012-03-29,78.099846,322.109985,27.531044,114.177521,23.367752,18.084848,9.000289,35.460342
2012-03-30,76.77954100000001,318.548157,27.651042999999998,114.740265,23.334557999999998,17.993231,9.038065,35.499176
2012-04-02,79.222939,321.369812,27.676762,115.229256,23.550307999999998,18.148982999999998,9.141952999999999,35.809986
2012-04-03,80.59191899999999,319.233704,27.376762,113.208809,23.32626,17.745874,8.962512,35.324368
2012-04-04,79.95034799999999,315.522827,26.751059,110.67173799999999,23.176891,17.122889999999998,8.688632,34.032596999999996
2012-04-05,81.150276,314.116974,27.016777,108.863487,23.293067999999998,16.848045000000003,8.716965,33.789787
2012-04-09,81.476822,313.38174399999997,26.656776,107.95938100000001,23.035822,16.472417999999998,8.433641,32.993362
2012-04-10,80.479233,311.404602,26.116787,105.689842,22.778579999999998,15.858595000000001,8.065318,31.915283000000002
2012-04-11,80.192375,315.92520099999996,26.013924,106.953773,23.110508,16.041829999999997,8.36753,32.624287
2012-04-12,79.75312,323.401581,26.553921000000003,111.068436,23.633291,16.692297,8.660299,33.634396
2012-04-13,77.50692,310.281921,26.408205,106.17881000000001,23.30966,15.831119000000001,8.197538,32.449459000000004
2012-04-16,74.29257199999999,301.076782,26.639629,108.61441,23.575203,16.032669,8.301423,33.022507
2012-04-17,78.079346,302.815491,26.948196000000003,107.81176,23.624989000000003,16.353327,8.424194,34.071449
2012-04-18,77.905197,301.762329,26.691059000000003,106.400223,23.193482999999997,16.179247,8.424194,34.071449
2012-04-19,75.228706,297.713654,26.579632,104.80416899999999,22.977732,16.554873999999998,8.282535000000001,33.848061
2012-04-20,73.376923,296.10412599999995,27.788183,103.733994,22.903051,16.014347,7.895321000000001,32.915657
2012-04-23,73.212997,296.869141,27.531044,103.097412,22.778579999999998,15.556272,7.725327,32.294064
2012-04-24,71.750534,298.692291,27.359621,105.274681,22.662399,15.941049,7.753658000000001,32.459175
2012-04-25,78.117775,302.88998399999997,27.599611,105.154762,23.118801,15.702847,7.800883,32.711704
2012-04-26,77.823235,305.746429,27.522471999999997,105.689842,23.417543,15.813112,7.810326,32.905956
2012-04-27,77.221336,305.502991,27.411045,105.55145300000001,23.550307999999998,15.574214999999999,7.791436,32.536877000000004
2012-04-30,74.785599,300.470734,27.445339,106.23416100000001,23.566904,15.877435,7.659217999999999,32.090107
2012-05-01,74.548691,300.262085,27.436764,106.400223,24.023308,16.070383,7.848102000000001,32.634003
2012-05-02,75.041718,301.667938,27.256762,104.96101399999999,24.214164999999998,15.574214999999999,7.706439,31.759871999999998
2012-05-03,74.508995,303.535797,27.222478999999996,102.894463,23.871469,14.912656,7.555332000000001,31.555859
2012-05-04,72.386993,296.55618300000003,26.553921000000003,100.551125,23.319822,14.701326000000002,7.309784,30.700891
2012-05-07,72.92871099999999,301.81201200000004,26.271061,101.519814,23.202803,14.839148999999999,7.517556,30.768902
2012-05-08,72.76223,304.41507,26.142495999999998,100.901703,22.876831,14.554312,7.357005,30.428853999999998
2012-05-09,72.890266,302.606842,26.365349,98.98273499999999,22.726381,14.232719,7.300339,29.583609000000003
2012-05-10,73.06189,304.84726,26.348207000000002,98.08785999999999,22.768171,14.333793,7.272007,29.77792
2012-05-11,72.57399000000001,300.659485,26.708202000000004,94.222267,23.094147,13.736552,7.130344,28.514908000000002
2012-05-14,71.486694,300.04846200000003,26.296776,92.045013,22.584288,13.139312,6.941462,27.339334
2012-05-15,70.839996,303.58050499999996,26.063833,92.13726,22.467270000000003,12.992297,6.894241,26.999298
2012-05-16,69.932053,312.432922,25.796383,90.596558,22.149649,12.440996,6.714802000000001,26.154053
2012-05-17,67.888199,309.511932,25.641079,89.563278,21.890541,12.367491000000001,6.592027000000001,25.65856
2012-05-18,67.921494,298.26010099999996,25.252848,88.09639,21.790239,12.266419,6.629803,25.269935999999998
2012-05-21,71.878601,305.07080099999996,25.666965,89.03742199999999,21.857107,12.119404,6.450365000000001,25.503115
2012-05-22,71.32665300000001,298.458801,25.675592,89.97845500000001,21.756811,12.229664,6.592027000000001,26.154053
2012-05-23,73.067009,302.760834,25.114807,90.448952,21.263666,12.284797,6.771468,26.377504
2012-05-24,72.395958,299.879578,25.080296,89.360321,21.439188,12.229664,6.7431339999999995,25.901445000000002
2012-05-25,72.007942,293.85376,25.071663,89.212692,21.514416,12.174536,6.752578999999999,25.716852
2012-05-29,73.28600300000001,295.24969500000003,25.503044,90.71443199999999,21.806960999999998,12.532879,7.026459,26.251207
2012-05-30,74.169617,292.21441699999997,25.31324,87.701736,21.840393,12.027522,6.808952000000001,25.26022
2012-05-31,73.98520699999999,288.553253,25.183826,88.712151,21.597998,12.275608,6.950804,25.755714
2012-06-01,71.841476,283.645172,24.545382999999998,85.87556500000001,21.012918,11.696743,6.638727,24.667582
